SNP	chr	bp_loc	beta	se	effect_allele	other_allele	eaf	pval	fstat
rs4656994	1	161210087	-0.0576519999999999	0.0093967	A	G	0.1981	8.501e-10	37.64246302036385
rs74853338	2	200306928	0.055348	0.0095161	T	C	0.4331	6.018e-09	33.828743740069235
rs201194999	4	65801177	0.1198099999999999	0.018243	T	C	0.1099	5.118e-11	43.131406450468475
rs6854883	4	110686159	0.063776	0.0094944	T	C	0.1659	1.852e-11	45.121081929309135
rs148117723	4	110687621	0.089458	0.01624	G	C	0.1639	3.616e-08	30.343545114538074
rs143420291	4	110692617	0.06511	0.010095	T	C	0.168	1.122e-10	41.598985958309385
rs60197024	4	110696628	0.06609	0.0096481	A	T	0.1653	7.381e-12	46.92323128672897
rs57880250	4	110696681	0.06373	0.0094928	T	C	0.1658	1.9e-11	45.07120558928884
rs12650829	4	110702120	0.064544	0.0094291	A	G	0.168	7.638e-12	46.85665368064161
rs2595093	4	110706200	-0.060758	0.0092641	G	A	0.8258	5.438e-11	43.0130729291151
rs75752846	4	110706224	0.064458	0.0094199	T	C	0.1689	7.773e-12	46.82319745263239
rs16997168	4	110707883	0.06477	0.0094226	T	C	0.1681	6.247999999999999e-12	47.2504864154973
rs75877980	4	110708627	0.064609	0.0094297	A	G	0.1679	7.297999999999999e-12	46.945101902408716
rs77737462	4	110711010	0.065569	0.0094404	C	T	0.1674	3.77e-12	48.24100291344348
rs17042026	4	110711218	0.064542	0.0094314999999999	A	G	0.1679	7.741e-12	46.829907489914596
rs75112066	4	110712200	0.06439	0.0094356	T	C	0.1679	8.843999999999999e-12	46.56909592204488
rs76809100	4	110713891	0.064558	0.0094396	T	A	0.1678	7.974e-12	46.77275504931338
rs2595081	4	110714001	-0.060551	0.0092765	T	C	0.826	6.693000000000001e-11	42.60635111242733
rs12644107	4	110718828	0.055833	0.0090572	T	C	0.1915	7.07e-10	38.00091133076684
rs1448817	4	110719897	0.045305	0.0078668	G	A	0.2799	8.459e-09	33.166225655977115
rs17042059	4	110720030	0.088184	0.010747	A	G	0.1203	2.303e-16	67.32945375707733
rs78652110	4	110720735	0.088187	0.010751	A	G	0.1202	2.3490000000000003e-16	67.28393983350688
rs10026140	4	110721695	0.086991	0.010714	G	T	0.12	4.689e-16	65.92427502005492
rs79469997	4	110723068	0.0885389999999999	0.0107739999999999	C	T	0.1174	2.078e-16	67.53288181756484
rs12650941	4	110723655	0.0887429999999999	0.010776	A	T	0.1171	1.7949999999999996e-16	67.81926002661181
rs28650220	4	110723857	0.088688	0.010773	T	C	0.1173	1.834e-16	67.77295201589206
rs4529121	4	110724399	0.089285	0.010776	A	G	0.117	1.175e-16	68.65020532340006
rs10032150	4	110725462	0.0454829999999999	0.0078827	G	A	0.2764	7.926999999999999e-09	33.29263795071024
rs10024267	4	110725811	0.089755	0.010692	C	T	0.1194	4.677e-17	70.46920991972068
rs74964720	4	110726181	0.089939	0.010697	G	T	0.1191	4.182e-17	70.69230090389837
rs78936896	4	110726216	0.090148	0.010698	A	G	0.1189	3.565e-17	71.0079549343993
rs4543199	4	110726984	0.089886	0.010693	C	T	0.1192	4.235e-17	70.66184538394698
rs12647316	4	110728095	0.090066	0.010695	T	C	0.1189	3.715e-17	70.91860314063209
rs12647393	4	110728126	0.088819	0.010648	T	G	0.1197	7.367e-17	69.57859799387376
rs10019689	4	110728713	0.088832	0.0106439999999999	A	C	0.1198	7.074e-17	69.65128745257985
rs4626276	4	110728833	0.090372	0.0106959999999999	C	A	0.119	2.9299999999999997e-17	71.38796446458983
rs79654735	4	110730296	0.090497	0.010699	G	A	0.1187	2.7089999999999997e-17	71.54544510419936
rs28392642	4	110730401	0.0903279999999999	0.0106959999999999	C	T	0.1189	3.034e-17	71.31846714728331
rs77672008	4	110730516	0.090449	0.010697	T	C	0.1187	2.784e-17	71.49629679262307
rs76013973	4	110730656	0.090665	0.010699	A	G	0.1187	2.3730000000000002e-17	71.8113277631479
rs17042076	4	110731182	0.0889139999999999	0.010648	C	T	0.1198	6.794e-17	69.72751887318569
rs4434326	4	110731720	0.090302	0.010694	C	T	0.1189	3.0669999999999995e-17	71.30407966531712
rs4833436	4	110732590	0.090362	0.010699	T	C	0.1187	3.019e-17	71.3321467430182
rs11098088	4	110732968	0.090415	0.010698	C	T	0.1187	2.864e-17	71.42920000911512
rs11098089	4	110733070	0.090464	0.010697	C	A	0.1188	2.749e-17	71.5200125524129
rs17042088	4	110733658	0.090527	0.010697	T	C	0.1187	2.618e-17	71.6196616883871
rs79631257	4	110733842	0.090719	0.010698	T	G	0.1187	2.2500000000000002e-17	71.91033658629179
rs74496596	4	110733931	0.090639	0.010698	T	C	0.1187	2.399e-17	71.78356511881235
rs75187510	4	110734083	0.090671	0.010698	T	G	0.1187	2.336e-17	71.83426028476853
rs12648785	4	110734736	0.090212	0.010701	A	G	0.1187	3.448e-17	71.06894923065344
rs12639820	4	110734884	0.089896	0.010701	C	T	0.1187	4.429e-17	70.57193209958193
rs74900776	4	110735363	0.088889	0.010694	A	G	0.1199	9.433e-17	69.09007773376028
rs76756825	4	110735491	0.089607	0.010695	T	C	0.1197	5.355e-17	70.19760536145989
rs11944778	4	110735811	0.088123	0.010645	A	G	0.1207	1.25e-16	68.53102311875132
rs4447925	4	110736492	0.091307	0.014533	T	C	0.1127	3.3230000000000003e-10	39.472769667453406
rs28521134	4	110737407	0.088332	0.010646	T	C	0.1208	1.063e-16	68.84354155695729
rs76229004	4	110737902	0.089853	0.010695	T	C	0.1198	4.405e-17	70.58356437941731
rs17042093	4	110738956	0.089808	0.010695	C	G	0.1198	4.586e-17	70.51288304361597
rs11930528	4	110739038	0.088305	0.010645	T	G	0.1208	1.0829999999999999e-16	68.81438900632104
rs56758856	4	110739070	0.0898549999999999	0.010695	C	T	0.1198	4.4e-17	70.5867065939197
rs78073007	4	110742777	0.095489	0.010692	T	C	0.1195	4.238000000000001e-19	79.76066942897543
rs17042098	4	110743002	0.095265	0.010687	A	G	0.1197	4.936999999999999e-19	79.46120099724399
rs2634073	4	110744627	-0.079097	0.00924	C	T	0.8209	1.126e-17	73.27841739519499
rs1906611	4	110744760	0.093973	0.010684	C	T	0.1203	1.424e-18	77.36391237168746
rs1906610	4	110744761	0.0948799999999999	0.010692	A	G	0.1197	7.056999999999999e-19	78.74653478012151
rs17042102	4	110747470	0.0950559999999999	0.01069	A	G	0.1198	6.000999999999999e-19	79.0685290800087
rs17042112	4	110750521	0.094808	0.0106909999999999	T	C	0.1198	7.449e-19	78.6417757010775
rs17042115	4	110750654	0.094585	0.010689	G	A	0.1198	8.843e-19	78.30155416510098
rs72667982	4	110752486	0.056872	0.0085741	G	A	0.237	3.289e-11	43.99668079974613
rs77309872	4	110755753	0.094184	0.010683	C	T	0.1201	1.1870000000000001e-18	77.72626612564942
rs2634074	4	110755885	-0.074792	0.0086623999999999	A	T	0.7877	5.922000000000001e-18	74.5476273119182
rs17042121	4	110755945	0.094428	0.010683	G	A	0.1201	9.656e-19	78.12951455993708
rs10516563	4	110756566	0.0940299999999999	0.010685	G	T	0.1201	1.3680000000000003e-18	77.44329437289235
rs200992435	4	110759093	0.096593	0.013037	A	G	0.1159	1.2700000000000001e-13	54.89540307358817
rs13122916	4	110759147	-0.076669	0.010893	T	C	0.7896	1.9450000000000003e-12	49.538698248940115
rs201609590	4	110760789	0.097715	0.0141599999999999	A	G	0.09212	5.176e-12	47.620720942458135
rs199561133	4	110760807	0.1034099999999999	0.0145139999999999	G	T	0.0901899999999999	1.041e-12	50.76341595003513
rs79687642	4	110761458	0.098991	0.011353	G	T	0.1211	2.804e-18	76.02740150758383
rs9685833	4	110761788	-0.07955	0.0092439	A	G	0.787	7.582e-18	74.05764382083571
rs143260331	4	110762205	0.097941	0.011339	C	T	0.1223	5.754e-18	74.6069966085627
rs4833443	4	110763487	0.09945	0.011028	T	C	0.1194	1.923e-19	81.323499723525
rs4605724	4	110763925	0.094299	0.010683	A	C	0.12	1.077e-18	77.91619175281909
rs77699185	4	110764252	0.094438	0.010684	C	A	0.12	9.643000000000001e-19	78.13143546033837
rs78115319	4	110764806	0.094417	0.010683	T	C	0.1201	9.706999999999998e-19	78.11131286970549
rs2350269	4	110765968	0.0943529999999999	0.0106819999999999	T	C	0.1201	1.0240000000000001e-18	78.02005989669796
rs6533527	4	110766358	0.093661	0.010678	A	C	0.1206	1.763e-18	76.937442845395
rs17042144	4	110768510	0.094566	0.010683	C	T	0.1201	8.597e-19	78.35804320590287
rs1906618	4	110774266	0.092442	0.01065	G	A	0.1216	3.949e-18	75.3424
rs1906617	4	110774658	0.092322	0.010656	G	A	0.1212	4.564e-18	75.06232023831264
rs6847935	4	110775495	0.074845	0.0086579999999999	T	A	0.2112	5.3989999999999995e-18	74.72921539536402
rs1906616	4	110776412	0.075195	0.008659	G	A	0.2113	3.821e-18	75.41234540973272
rs78229461	4	110776497	0.092308	0.01066	T	C	0.1211	4.73e-18	74.98325229065541
rs6837901	4	110776952	0.07493	0.0086567	C	T	0.2113	4.899e-18	74.92154606391831
rs12646447	4	110778170	0.092125	0.010656	C	T	0.1212	5.366e-18	74.74232066561211
rs67249485	4	110778529	0.074876	0.008657	T	A	0.2113	5.182999999999999e-18	74.80841206437653
rs6820568	4	110778675	0.074802	0.0086562	T	C	0.2114	5.554e-18	74.67441952990791
rs59788391	4	110780277	0.092989	0.010664	G	A	0.1208	2.777e-18	76.0366337686963
rs1906615	4	110780642	0.074975	0.0086572	T	G	0.2112	4.7010000000000014e-18	75.00289853731073
rs7689774	4	110782354	0.074915	0.0086541	T	G	0.2115	4.864e-18	74.93655939267884
rs12646754	4	110782416	0.096494	0.014508	T	C	0.1139	2.914e-11	44.23698560842695
rs2129983	4	110782924	-0.074784	0.0086523	A	G	0.7876	5.467999999999999e-18	74.70578659571314
rs2129982	4	110782987	0.0748149999999999	0.0086529	G	A	0.2114	5.321e-18	74.75736602274951
rs2129981	4	110783043	0.092401	0.010656	T	G	0.1211	4.272e-18	75.19083696062334
rs6854111	4	110783380	0.086993	0.011602	T	A	0.2038	6.477999999999999e-14	56.221560223836015
rs12639654	4	110784139	0.092922	0.01066	T	C	0.1209	2.8610000000000004e-18	75.98409375231003
rs6817105	4	110784612	0.09214	0.010642	C	T	0.1215	4.78e-18	74.96350886504914
rs72900144	4	110785119	0.092021	0.0106489999999999	G	A	0.1213	5.576e-18	74.67173509917377
rs17042171	4	110787131	0.091128	0.01064	A	C	0.1216	1.0820000000000001e-17	73.35342924981626
rs7434417	4	110787282	0.091915	0.010648	G	A	0.1213	6.026e-18	74.51379765676994
rs1906591	4	110787733	0.092232	0.010651	A	G	0.1212	4.7539999999999995e-18	74.98639633910007
rs1906592	4	110787848	0.09194	0.010648	G	T	0.1213	5.876e-18	74.55433724833634
rs72900148	4	110788238	0.087994	0.011764	G	C	0.1171	7.452000000000002e-14	55.949484396809474
rs2200732	4	110788886	0.091863	0.010647	C	T	0.1215	6.25e-18	74.44349258908073
rs2200733	4	110789013	0.09171	0.010643	T	C	0.1215	6.873e-18	74.25150531083413
rs61303432	4	110789386	0.092002	0.01065	T	C	0.1213	5.6889999999999995e-18	74.62688623509445
rs72900155	4	110789526	0.091797	0.010645	A	C	0.1215	6.511e-18	74.364497069148
rs72900157	4	110789637	0.092078	0.01065	G	C	0.1213	5.3439999999999995e-18	74.75023107408141
rs75725917	4	110789765	0.092002	0.01065	A	C	0.1214	5.683999999999999e-18	74.62688623509445
rs17042175	4	110789811	0.091984	0.010648	A	T	0.1214	5.694e-18	74.6257137067253
rs4611994	4	110789885	0.091925	0.010648	C	T	0.1214	5.953999999999999e-18	74.53001217041076
rs4540107	4	110789946	0.091624	0.010643	A	C	0.1215	7.401000000000001e-18	74.11231361022652
rs1906595	4	110791028	-0.091861	0.0106439999999999	T	G	0.8778	6.140000000000001e-18	74.48221884730953
rs1906599	4	110791530	-0.074567	0.0086551	C	T	0.7878	6.969999999999999e-18	74.22482144296808
rs2220427	4	110793733	0.091432	0.0106489999999999	T	C	0.1213	9.034e-18	73.71888966149625
rs12644625	4	110795357	0.091566	0.010648	T	C	0.1213	8.039e-18	73.94901618544324
rs6843082	4	110796911	-0.068448	0.0083057	A	G	0.7703	1.707e-16	67.91552229213818
rs1321313	6	36651044	-0.047952	0.0087656	T	C	0.2233	4.488e-08	29.926102142678616
rs7742159	6	36651675	-0.048177	0.0087294	C	A	0.2256	3.411e-08	30.458654675274953
rs9470358	6	36652725	-0.048225	0.0087261	A	G	0.2256	3.266e-08	30.542466159137486
rs9918353	6	36654900	-0.048198	0.0087235	C	A	0.2256	3.2930000000000004e-08	30.52646419015453
rs1321311	6	36655123	-0.048958	0.0087117999999999	A	C	0.2266	1.912e-08	31.581411958000228
rs1321310	6	36655347	-0.048589	0.0086985	C	T	0.229	2.3250000000000003e-08	31.202341549863693
rs4331968	6	36655466	-0.0485709999999999	0.0086985	T	A	0.229	2.3530000000000003e-08	31.179227753879033
rs7774130	6	36655979	-0.048298	0.0086985	T	C	0.2291	2.818e-08	30.829718460628303
rs7756236	6	36659276	-0.048522	0.0087107	G	A	0.2278	2.541e-08	31.029249646743
rs9462207	6	36659822	-0.048372	0.0087209	C	T	0.2267	2.911e-08	30.76560609016849
rs10807170	6	36661667	0.044813	0.0076431	T	C	0.6608	4.5400000000000005e-09	34.37707754083171
rs4713996	6	36661937	0.044842	0.0076483	T	C	0.6605	4.545e-09	34.3747952168898
rs4711456	6	36664705	0.045466	0.0076497	T	C	0.6606	2.791e-09	35.32520475903414
rs4711457	6	36665383	0.0695539999999999	0.011687	C	T	0.6557	2.662e-09	35.41914994211437
rs6930083	6	36666379	0.046442	0.0076664	G	A	0.6648	1.3789999999999999e-09	36.69770269938147
rs66761782	6	36668303	-0.0489389999999999	0.0087146	C	T	0.2281	1.957e-08	31.536628794730916
rs4714001	6	36670398	0.04573	0.0075058	A	G	0.6339	1.111e-09	37.1200392509697
rs733590	6	36677426	-0.045675	0.0076084999999999	C	T	0.347	1.9339999999999993e-09	36.037862351949926
rs730506	6	36678191	-0.052453	0.0092249	C	G	0.1938	1.301e-08	32.33086547981877
rs4151702	6	36678211	-0.052696	0.0092277	C	G	0.1938	1.125e-08	32.61131919298929
rs3176320	6	36679011	-0.046332	0.0076471	G	A	0.3367	1.3719999999999996e-09	36.70866211488212
rs3176323	6	36679072	-0.045335	0.0078529	C	T	0.3082	7.785e-09	33.32783526104054
rs3176326	6	36679512	-0.0532399999999999	0.0092351	A	G	0.1939999999999999	8.167e-09	33.234786154549205
rs4135240	6	36679903	-0.046071	0.0076487	C	T	0.3408	1.707e-09	36.28106471976209
rs3176334	6	36680587	-0.043321	0.0077593	C	T	0.3259	2.362e-08	31.17108068648947
rs118039278	6	160564494	0.1206	0.015409	A	G	0.06607	5.004e-15	61.25558690170478
rs55730499	6	160584578	0.11989	0.015315	T	C	0.06661	4.945000000000001e-15	61.281857145339096
rs10455872	6	160589086	0.1212	0.0153599999999999	G	A	0.06609	3.019e-15	62.26196289062582
rs4252185	6	160702419	0.078651	0.014371	C	T	0.08417	4.427e-08	29.952599449866856
rs9632885	9	22072639	0.041344	0.0072334999999999	A	G	0.4596	1.093e-08	32.668411117908775
rs10757270	9	22072720	0.040632	0.0073145	G	A	0.4116	2.7760000000000002e-08	30.857952852253536
rs10116277	9	22081398	0.041418	0.0072348999999999	T	G	0.4573	1.036e-08	32.77277241379711
rs6475606	9	22081851	0.041595	0.0072313	T	C	0.4576	8.82e-09	33.086398706807834
rs1537370	9	22084311	0.041281	0.0072331999999999	T	C	0.4568	1.149e-08	32.57162837872458
rs1970112	9	22085599	0.041722	0.0072717	C	T	0.4505	9.599e-09	32.91988661178966
rs10738606	9	22088091	0.042602	0.0072536	T	A	0.4614	4.273e-09	34.494731642455015
rs10738607	9	22088095	0.042563	0.007252	G	A	0.4614	4.381e-09	34.446799030505
rs10757272	9	22088261	0.042431	0.0072491	T	C	0.4608	4.817e-09	34.26086730210683
rs10757273	9	22090302	0.045142	0.0078697	A	C	0.426	9.685e-09	32.90373803806259
rs9644859	9	22090522	0.0456079999999999	0.0077288	A	G	0.4667	3.6119999999999995e-09	34.82233729002658
rs9644860	9	22090604	0.045656	0.0077283999999999	T	C	0.4667	3.472e-09	34.89928548042902
rs9644861	9	22090936	0.044688	0.0077292	T	C	0.4671	7.395e-09	33.428181098319705
rs9644862	9	22090937	0.04649	0.0077286	G	T	0.4716	1.796e-09	36.18407135251299
rs10811653	9	22091070	0.0454899999999999	0.007728	T	C	0.4668	3.946e-09	34.64955383933647
rs7866503	9	22091925	0.0471339999999999	0.0077283999999999	T	G	0.4716	1.069e-09	37.19541522789458
rs2210538	9	22092258	0.047209	0.0077284999999999	A	G	0.4718	1.006e-09	37.31291508105428
rs4977757	9	22094331	0.048349	0.0080558	G	A	0.4644	1.9520000000000003e-09	36.02115556870986
rs10757274	9	22096056	0.044463	0.0072198	G	A	0.4676	7.345e-10	37.926886310160846
rs2891168	9	22098620	0.044203	0.0072251999999999	G	A	0.4671	9.481e-10	37.428613906609726
rs7859727	9	22102166	0.041282	0.0072275	T	C	0.4636	1.1179999999999998e-08	32.62460471021303
rs1537373	9	22103342	0.042961	0.0072271	G	T	0.4715	2.775e-09	35.336264388102954
rs1333042	9	22103814	0.043398	0.0072234	G	A	0.4727	1.879e-09	36.09575259673442
rs1333046	9	22124124	0.040975	0.0072248	A	T	0.4729	1.416e-08	32.16520072592023
rs7857118	9	22124141	0.044575	0.0074085999999999	T	A	0.4798	1.781e-09	36.200153252934356
rs10757277	9	22124451	0.040145	0.0072248	G	A	0.4613	2.752e-08	30.875305676864865
rs10811656	9	22124473	0.0401329999999999	0.0072548999999999	T	C	0.4589	3.1689999999999995e-08	30.60133611093981
rs10757278	9	22124478	0.040205	0.0072211	G	A	0.4616	2.582e-08	30.99940901462401
rs1333047	9	22124505	0.040836	0.0072275	T	A	0.4703	1.6030000000000002e-08	31.923477178007193
rs10757279	9	22124631	0.040255	0.0072222	G	A	0.4615	2.491e-08	31.06709461969643
rs1333048	9	22125348	0.043687	0.0073983999999999	C	A	0.4714	3.528e-09	34.86814385288604
rs1333049	9	22125504	0.042273	0.0074033	C	G	0.4604	1.129e-08	32.6043421816392
rs977371848	9	133266456	-0.05812	0.0091977	C	T	0.8077	2.634e-10	39.92939509420944
rs992108547	9	133273983	-0.0535919999999999	0.0090569999999999	G	A	0.8076	3.275e-09	35.013150784789616
rs115478735	9	133274295	0.059712	0.010034	T	A	0.1909	2.6640000000000003e-09	35.4140048213193
rs600038	9	133276354	-0.054416	0.0087077999999999	T	C	0.7852	4.127e-10	39.05137570885407
rs579459	9	133278724	-0.053837	0.008703	T	C	0.7851	6.169999999999998e-10	38.266940022834554
rs495828	9	133279294	-0.052189	0.0086646	G	T	0.7844	1.71e-09	36.27946833581169
rs61869036	10	119663324	-0.049928	0.0087622999999999	C	G	0.215	1.212e-08	32.46774321929446
rs17617337	10	119667372	-0.049765	0.0087584	T	C	0.215	1.3319999999999998e-08	32.2848271333094
rs2234962	10	119670121	-0.049832	0.0087453999999999	C	T	0.2152	1.212e-08	32.46813023946054
rs72842207	10	119674163	-0.049924	0.0087534	T	C	0.2149	1.1750000000000001e-08	32.52858708947213
rs10774624	12	111395984	-0.044563	0.0075656	A	G	0.5416	3.855e-09	34.69461623469058
rs7310615	12	111427245	-0.041891	0.0074971999999999	G	C	0.5391	2.303e-08	31.220745022584072
rs597808	12	111535554	-0.04248	0.0076018	G	A	0.5391	2.294e-08	31.22742237788941
rs653178	12	111569952	-0.043186	0.0074774	T	C	0.5379	7.675e-09	33.356827076371424
rs57292959	16	53765367	0.052666	0.0081565	T	G	0.4321	1.068e-10	41.69202490832038
rs9937521	16	53765384	0.045487	0.0080283	T	C	0.4322	1.4630000000000001e-08	32.101653599326156
rs28562191	16	53765391	0.045622	0.0080281	T	C	0.4323	1.325e-08	32.29409312487786
rs9937053	16	53765595	0.0473699999999999	0.0072431	A	G	0.4336	6.151e-11	42.77182753823509
rs9937354	16	53765935	0.047566	0.0072426999999999	A	G	0.4333	5.118e-11	43.13127234649104
rs9928094	16	53765993	0.047587	0.0072423	G	A	0.4334	5.0079999999999997e-11	43.174133673822524
rs9940278	16	53766288	0.047607	0.0072438999999999	T	C	0.4328	4.964e-11	43.191345852856465
rs9939973	16	53766656	0.047692	0.0072422	A	G	0.433	4.539e-11	43.36606759292666
rs9940646	16	53766717	0.047647	0.0072436	G	C	0.4329	4.776e-11	43.26753987085055
rs9940128	16	53766842	0.047837	0.007242	A	G	0.4331	3.961999999999999e-11	43.632573699203625
rs1421085	16	53767042	0.049537	0.007265	C	T	0.4156	9.196e-12	46.49306381319897
rs9923147	16	53767637	0.047598	0.0072434	T	C	0.4329	4.993e-11	43.18097774281278
rs9923544	16	53768073	0.047744	0.0072433	T	C	0.433	4.357e-11	43.44748649617949
rs11642015	16	53768582	0.050078	0.0072664	T	C	0.4156	5.5130000000000004e-12	47.495815545090665
rs1558901	16	53769275	0.047805	0.0072441	T	A	0.433	4.134e-11	43.548958334292685
rs62048402	16	53769311	0.0499649999999999	0.0072665	A	G	0.4155	6.152e-12	47.2804093218227
rs1558902	16	53769662	0.0495339999999999	0.0072658999999999	A	T	0.4158	9.276e-12	46.4759169326928
rs11075985	16	53771295	0.048067	0.0072423	A	C	0.4336	3.201e-11	44.04950305485924
rs55872725	16	53775211	0.049941	0.0072661	T	C	0.4156	6.278e-12	47.240199974955736
rs7193144	16	53776774	0.04752	0.0073041	C	T	0.4051	7.724e-11	42.327190520836
rs62033399	16	53777031	0.04793	0.0073061	T	C	0.4049	5.372e-11	43.037162861001484
rs62033400	16	53777876	0.047841	0.007306	G	A	0.4047	5.824e-11	42.87865579135052
rs8063057	16	53778521	0.047539	0.007304	C	T	0.4057	7.583e-11	42.3622047372503
rs8043757	16	53779538	0.04748	0.0073033999999999	T	A	0.4052	7.976e-11	42.26406311380227
rs9972653	16	53780451	0.047937	0.0073056	T	G	0.4087	5.32e-11	43.05562752241112
rs17817497	16	53781523	0.047741	0.0073072	C	T	0.4042	6.431999999999999e-11	42.68556505126887
rs8050136	16	53782363	0.047356	0.0073028999999999	A	C	0.405	8.902999999999999e-11	42.04935283854045
rs8051591	16	53782840	0.0469269999999999	0.0074213	G	A	0.4047	2.561e-10	39.98394176195062
rs9935401	16	53782926	0.047561	0.0073066999999999	A	G	0.4048	7.553e-11	42.37009151163418
rs9933509	16	53784255	0.046141	0.00728	C	T	0.4219	2.326e-10	40.170870837610195
rs3751812	16	53784548	0.048301	0.0073073999999999	T	G	0.404	3.846e-11	43.690446475399
rs3751813	16	53784796	0.043606	0.0072248999999999	T	G	0.5463	1.584e-09	36.42745414076961
rs3751814	16	53784812	0.04809	0.0073059	A	G	0.4048	4.63e-11	43.32734798310663
rs9931900	16	53784901	0.046163	0.00728	G	A	0.4218	2.281e-10	40.209186862244906
rs56313538	16	53784922	0.048106	0.0073058	G	A	0.4048	4.5579999999999986e-11	43.35737052583839
rs9936385	16	53785257	0.047824	0.0073042	C	T	0.405	5.852000000000001e-11	42.86930894653384
rs9923312	16	53785455	0.047989	0.0073057	A	G	0.4048	5.073e-11	43.147906742829264
rs11075988	16	53785859	0.047943	0.0073065	A	G	0.4048	5.319e-11	43.055797236532555
rs11075990	16	53785981	0.0479399999999999	0.0073043	G	A	0.4049	5.2640000000000005e-11	43.07634585336238
rs11075991	16	53786025	0.048076	0.0073065	T	A	0.4048	4.709e-11	43.29501313640552
rs11075992	16	53786154	0.048087	0.0073058	C	T	0.4048	4.642e-11	43.32312833744319
rs9926289	16	53786591	0.048197	0.0073058	A	G	0.4048	4.193e-11	43.521560128036676
rs9939609	16	53786615	0.048065	0.0073051	A	T	0.4049	4.715999999999999e-11	43.29179193381684
rs9937709	16	53786901	0.046166	0.0072807	G	A	0.4218	2.2839999999999998e-10	40.206680764105684
rs7206410	16	53787385	0.047921	0.0073055	C	T	0.4048	5.393e-11	43.0280687835916
rs7206629	16	53787501	0.04604	0.0072793	C	T	0.4218	2.536e-10	40.00289234915403
rs7202116	16	53787703	0.047984	0.0073034999999999	G	A	0.405	5.028999999999999e-11	43.16490899568865
rs7202296	16	53787778	0.046932	0.0079923	G	A	0.3985	4.299e-09	34.482168479827266
rs7201850	16	53787950	0.046167	0.0072798	T	C	0.4218	2.271e-10	40.21836514443012
rs66908032	16	53788230	0.04799	0.0073069	A	C	0.4047	5.109000000000001e-11	43.13553335872955
rs72803697	16	53788271	0.0473079999999999	0.0074217	T	C	0.4045	1.839e-10	40.631456037847734
rs62033403	16	53788325	0.048058	0.0073056	G	A	0.4048	4.76e-11	43.273259247036066
rs62033405	16	53788475	0.048183	0.0073076999999999	T	C	0.4039	4.295e-11	43.47366489096322
rs7206122	16	53788528	0.047894	0.0073063999999999	A	G	0.4046	5.5590000000000005e-11	42.96900829151294
rs62033406	16	53790314	0.042598	0.0072574	G	A	0.4287	4.369e-09	34.45214748110689
rs9941349	16	53791576	0.046494	0.0072786999999999	T	C	0.421	1.684e-10	40.80244452122755
rs9931494	16	53793267	0.045593	0.0073986	G	C	0.4208	7.169000000000001e-10	37.97495280480658
rs10468280	16	53793567	0.048406	0.0073073	G	A	0.404	3.489e-11	43.881808489203344
rs62033408	16	53794050	0.0483829999999999	0.007308	G	A	0.404	3.5799999999999995e-11	43.8317196269002
rs17817964	16	53794154	0.048524	0.0073062	T	C	0.4041	3.105e-11	44.10929081318169
rs62033413	16	53796143	0.044592	0.0073165999999999	G	C	0.4128	1.097e-09	37.14456505268418
rs9930501	16	53796540	0.044366	0.0072328	G	A	0.4388	8.572e-10	37.625964141577704
rs9930506	16	53796553	0.044424	0.0072309	G	A	0.4388	8.062999999999998e-10	37.74423347418524
rs9932754	16	53796579	0.044358	0.0072334	C	T	0.4388	8.657999999999998e-10	37.60615653986491
rs9922708	16	53797234	0.044496	0.007233	T	C	0.4387	7.661e-10	37.84469529174748
rs72805611	16	53797442	0.045042	0.007315	T	C	0.4127	7.395e-10	37.9146168534491
rs9922619	16	53797859	0.044812	0.007232	T	G	0.4387	5.779e-10	38.39474783900462
rs7188250	16	53800695	0.043987	0.0073136	C	T	0.4143	1.8049999999999999e-09	36.17314577948923
rs72805612	16	53800696	0.044763	0.0073158	A	G	0.4127	9.441e-10	37.43817946507552
rs11075993	16	53803232	0.0447959999999999	0.0073145	T	G	0.4137	9.106e-10	37.50672838826331
rs72805613	16	53803430	0.044601	0.0073142	G	A	0.4139	1.075e-09	37.1839505834723
rs12149832	16	53808996	0.045593	0.0073122	A	G	0.4127	4.513e-10	38.87766883233918
rs11649091	16	53811257	0.040747	0.0073926999999999	G	T	0.4501	3.551e-08	30.379814192569608
rs303757	18	23498752	0.044761	0.007792	G	T	0.3436	9.217e-09	32.999067927959594
rs303762	18	23502353	0.0441509999999999	0.0075769999999999	C	T	0.3434	5.6430000000000005e-09	33.95365368499859
rs303760	18	23503774	0.043809	0.0075753	T	C	0.3433	7.331e-09	33.44467704791985
rs891389	18	23507567	0.043649	0.0075641999999999	T	C	0.3436	7.905e-09	33.298340538474704
rs8094509	18	23511248	-0.043601	0.0075646	T	A	0.6561	8.227e-09	33.22163200709857
rs1788820	18	23521980	-0.0439079999999999	0.0075618	G	A	0.6563	6.378e-09	33.71606929778559
rs1652375	18	23529305	-0.043305	0.0075616	C	T	0.6561	1.022e-08	32.79810002171585
rs1788821	18	23540905	-0.0434079999999999	0.0075517	G	A	0.6557	9.021e-09	33.04076509051895
rs4800489	18	23545978	-0.04356	0.0075528	G	A	0.6556	8.049e-09	33.26287417041606
rs1788763	18	23550670	-0.043144	0.0075551999999999	T	C	0.6557	1.127e-08	32.60985620490905
rs2472610	18	23558901	-0.043143	0.0075566999999999	C	T	0.6556	1.135e-08	32.59540036205251
rs1624695	18	23563028	-0.043131	0.0075593	T	A	0.6558	1.159e-08	32.55486453581863
rs1788826	18	23574060	-0.043657	0.007566	A	G	0.6556	7.916999999999999e-09	33.29469981285142
rs1788784	18	23579666	-0.044418	0.0075733	G	A	0.6567	4.487999999999999e-09	34.39914735377247
