SNP	chr	bp_loc	beta	se	effect_allele	other_allele	eaf	pval	samplesize	fstat
rs6663548	1	6504081	0.0559841	0.0110158	G	T	0.854703	8.3e-07	35648	25.82838890106599
rs4590694	1	6505158	0.0520905	0.0100987	C	T	0.826539	4.9e-07	35648	26.60639966023195
rs6692157	1	6508614	-0.0508173	0.00989035	A	G	0.174055	5.2e-07	35648	26.399752285974387
rs7538401	1	6510760	-0.0505525	0.00984274	G	C	0.173908	5.2e-07	35648	26.378691531476644
rs4525068	1	6511864	-0.0504516	0.00983039	A	G	0.174163	5.3e-07	35648	26.33955248035594
rs76248111	1	10611508	0.0948208	0.0193055	G	A	0.961187	2.2e-06	35648	24.123766831854955
rs75827648	1	10622800	0.0866602	0.018341	C	T	0.955257	6.4e-06	35648	22.325096883064333
rs2242289	1	10623185	0.0979812	0.0192666	C	T	0.960365	9.1e-07	35648	25.86278837884868
rs2242288	1	10624041	0.0980571	0.0192683	C	A	0.960364	8.9e-07	35648	25.898302010177417
rs3790634	1	10625044	0.0981606	0.0192693	C	T	0.960362	8.6e-07	35648	25.95030891978165
rs2128414	1	10629867	0.104449	0.019952	C	T	0.96276	3.3e-07	35648	27.405371932835273
rs17035482	1	10630891	0.0774444	0.0160097	C	T	0.940248	3.7e-06	35648	23.399881119397353
rs77603828	1	10631384	0.100518	0.0196026	T	G	0.961871	8.3e-07	35648	26.294221780422735
rs17035485	1	10632240	0.0993606	0.019245	T	C	0.960189	6.2e-07	35648	26.655852703954636
rs116756037	1	10632325	0.0997059	0.019396	T	A	0.960614	6.5e-07	35648	26.42514415554425
rs79299182	1	10632326	0.100079	0.0192868	C	A	0.960403	5.3e-07	35648	26.925610584409192
rs2892257	1	10633237	0.0993792	0.0192469	A	G	0.960226	6.2e-07	35648	26.660568933267985
rs78716194	1	10634217	0.097119	0.0191239	C	G	0.959744	9.4e-07	35648	25.790245473100654
rs72858515	1	10644490	0.0965406	0.0193762	A	T	0.961535	2.2e-06	35648	24.824629190873267
rs72858516	1	10645803	0.0982937	0.0193392	G	A	0.961376	1.4e-06	35648	25.832971028994084
rs72858521	1	10646604	0.098927	0.0193196	C	T	0.961361	1.2e-06	35648	26.220044081070345
rs114758186	1	10649945	0.0985305	0.019293	C	T	0.961341	1.2e-06	35648	26.08205730116773
rs10157038	1	10652408	0.0996973	0.0192449	C	T	0.961054	9e-07	35648	26.83709331767281
rs58229713	1	10662009	0.0962011	0.0191754	C	T	0.960746	2.1e-06	35648	25.169304311465343
rs59985166	1	10662447	0.0957476	0.0191796	C	T	0.960777	2.4e-06	35648	24.92164484068653
rs116460699	1	10665136	0.0997005	0.0195784	G	A	0.962561	1.1e-06	35648	25.932254685507512
rs57026192	1	10667307	0.0962815	0.0192298	C	T	0.960998	2e-06	35648	25.068950949620582
rs17035541	1	10667434	0.0963513	0.0192301	C	T	0.960996	2e-06	35648	25.10452866840249
rs17035543	1	10667560	0.0963951	0.0192304	G	A	0.960996	1.9e-06	35648	25.126574233230933
rs78987125	1	10668148	0.0957945	0.0192174	G	A	0.960846	2.2e-06	35648	24.848025852615045
rs115689695	1	10668490	0.0974317	0.0192214	C	T	0.960908	1.4e-06	35648	25.693929455914645
rs57160339	1	10669038	0.0970661	0.0192313	C	G	0.960959	1.6e-06	35648	25.47521603661262
rs58140483	1	10669324	0.0957309	0.0192629	C	T	0.961119	2.4e-06	35648	24.697952078054925
rs79192791	1	10669543	0.0964998	0.0192337	G	A	0.96098	1.9e-06	35648	25.172546448899016
rs78355261	1	10670204	0.0949964	0.0192492	C	T	0.96107	2.9e-06	35648	24.355044379125378
rs77302518	1	10671872	0.0985185	0.0192351	G	A	0.960968	1.1e-06	35648	26.232923014514515
rs150060800	1	10672074	0.0981686	0.0192384	C	T	0.960999	1.3e-06	35648	26.03798032532341
rs143353512	1	10673022	0.0935396	0.0195436	G	A	0.962167	6.4e-06	35648	22.907721058803908
rs114817050	1	10678194	0.091255	0.0192312	G	A	0.960931	6.4e-06	35648	22.516483717831573
rs17035549	1	10679806	0.0919121	0.0192311	C	A	0.960932	5.5e-06	35648	22.842157700830107
rs7545505	1	10687094	0.0898397	0.019288	C	T	0.960951	9.7e-06	35648	21.69512672740714
rs116229779	1	10688666	0.0911034	0.019312	A	C	0.960945	7.6e-06	35648	22.254337238386583
rs11811365	1	198032884	-0.206204	0.0478065	C	G	0.992763	9.7e-06	35648	18.604597229231597
rs10735504	1	206621763	-0.0430079	0.00759166	A	G	0.599313	1.6e-08	35648	32.093935493623896
rs4845119	1	206622834	-0.0437606	0.00758001	A	G	0.599781	9.1e-09	35648	33.32936034324529
rs7549621	1	206625054	-0.0441116	0.00774329	T	C	0.638279	1.6e-08	35648	32.452979238285046
rs4845120	1	206625899	-0.0441632	0.0077443	A	T	0.638321	1.6e-08	35648	32.52046386068213
rs10157569	1	206628602	-0.0441229	0.00971037	C	G	0.820181	9.4e-06	35648	20.64698018830305
rs12027964	1	206630300	-0.0443263	0.00971655	T	C	0.820288	8.7e-06	35648	20.811279561056775
rs12126682	1	206643926	0.0359575	0.00748704	T	G	0.566631	2.5e-06	35648	23.065276835306346
rs12027257	1	206645208	0.0359492	0.00748691	G	A	0.566636	2.5e-06	35648	23.055430469484044
rs7512726	1	206659616	0.0341903	0.00750072	C	T	0.562419	7.9e-06	35648	20.7778169403702
rs17435120	1	206661832	0.0342867	0.00750139	A	G	0.56241	7.5e-06	35648	20.891416364346632
rs34642437	1	206661938	0.0342751	0.00750147	T	C	0.562411	7.5e-06	35648	20.876837344600784
rs12139068	1	206662143	0.0342815	0.00750147	A	G	0.562396	7.5e-06	35648	20.884634505414205
rs4074957	1	206674961	0.0403773	0.0087786	T	C	0.762497	6.4e-06	35648	21.15553574228857
rs4129024	1	206694900	0.0410338	0.00886681	G	A	0.768513	5.6e-06	35648	21.416508499564213
rs35125368	1	206699286	0.040922	0.0088652	G	A	0.768534	5.9e-06	35648	21.30770259837626
rs45514798	1	206729126	0.0411045	0.00897779	G	A	0.774804	6.8e-06	35648	20.962344517902693
rs55715735	1	206736105	0.0417494	0.00890341	T	A	0.770825	4.8e-06	35648	21.988101387478107
rs2994967	1	241437283	0.046453	0.00963164	C	T	0.186372	1.5e-06	35648	23.26092868577196
rs3014549	1	241439021	0.0418247	0.00886553	T	C	0.232337	3.1e-06	35648	22.256468854284226
rs3014548	1	241439022	0.0418253	0.00886553	G	A	0.232337	3.1e-06	35648	22.257107423220635
rs3125159	1	241439622	0.0444384	0.0096566	G	A	0.184662	4.1e-06	35648	21.1771904916294
rs1341470	1	241441935	0.0400233	0.00885402	G	C	0.229271	8.7e-06	35648	20.43359546264961
rs2994972	1	241447235	0.0399621	0.00885229	C	T	0.228908	9e-06	35648	20.379115871381323
rs3014543	1	241447387	0.0399641	0.00885279	T	G	0.228896	9e-06	35648	20.378853602113477
rs1815694	1	241448997	0.0435351	0.00958117	C	T	0.184034	5.6e-06	35648	20.6462889343992
rs1592071	1	241451994	0.0434043	0.00958398	T	C	0.183972	6e-06	35648	20.510380420453657
rs74878284	1	241460003	-0.0418956	0.00941559	C	T	0.80896	8.6e-06	35648	19.798931404077145
rs74783457	1	241460251	-0.0420961	0.00941349	T	C	0.808753	7.5e-06	35648	19.997807966646324
rs57700287	1	241460508	-0.0418607	0.00941596	G	A	0.808959	8.7e-06	35648	19.764405835522705
rs60988944	1	241461092	-0.0418633	0.00941848	T	A	0.808961	8.8e-06	35648	19.75628488449001
rs77108011	1	241461508	-0.0418774	0.00942012	A	G	0.808948	8.8e-06	35648	19.762712381111537
rs56289263	2	3865151	-0.0786709	0.0174133	C	T	0.938891	5.3e-06	35648	20.411084126424413
rs6544644	2	43334676	0.035039	0.00812169	C	G	0.30938	9e-06	35648	18.61275191244981
rs971176	2	133750096	-0.0413006	0.00800026	T	G	0.678752	1.8e-07	35648	26.65044832333444
rs895539	2	133750396	-0.0413016	0.00800028	G	A	0.678755	1.8e-07	35648	26.651605644956636
rs2321302	2	133761033	-0.0412383	0.00799009	C	T	0.676683	2e-07	35648	26.637788415227032
rs3863012	2	133761828	-0.040821	0.00799467	A	G	0.678356	2.4e-07	35648	26.071510605648623
rs976407	2	133762986	-0.0402408	0.00798749	T	A	0.677693	3.4e-07	35648	25.381223722127665
rs9917168	2	133773982	-0.0393192	0.00802889	A	G	0.681704	7.3e-07	35648	23.982714095833007
rs1446743	2	133774746	-0.039368	0.00802767	C	T	0.681175	7.1e-07	35648	24.04959025532546
rs1037137	2	133777924	-0.0388628	0.0082027	C	T	0.705153	1.7e-06	35648	22.446804219392664
rs744129	2	133794455	-0.0408641	0.00812618	A	G	0.693599	4.5e-07	35648	25.287797246289397
rs17225700	2	178471873	0.0634817	0.0137492	T	C	0.919616	9.2e-06	35648	21.31779286050668
rs17362588	2	178856319	0.0697325	0.0131244	G	A	0.911787	1.4e-07	35648	28.23004397586463
rs151041685	2	178860510	0.0696797	0.0131362	G	T	0.911983	1.4e-07	35648	28.136692245496732
rs80271311	2	178869417	0.075088	0.015994	C	T	0.941022	2.1e-06	35648	22.04077648287797
rs142556838	2	178882341	0.0678421	0.0131039	C	T	0.911174	3.1e-07	35648	26.803865193041116
rs55844607	2	178906271	0.0658193	0.0132485	A	G	0.91354	9.9e-07	35648	24.6815879819364
rs79146658	2	178921341	0.062187	0.0131633	T	C	0.912825	3.7e-06	35648	22.318739026524405
rs114412892	2	178931994	0.0623464	0.0136065	C	G	0.917639	7.7e-06	35648	20.995678362662577
rs114100829	2	178934849	0.0631073	0.0136118	T	C	0.917664	6e-06	35648	21.49453629984844
rs6798941	3	52859449	-0.0368902	0.00821423	C	T	0.705235	7.8e-06	35648	20.16918276922177
rs9828491	3	52999065	-0.0396499	0.00866518	C	G	0.741121	7.1e-06	35648	20.937702049504335
rs13084863	3	53182676	-0.0341277	0.00794281	C	T	0.476354	6.7e-06	35648	18.46144509742923
rs145973293	3	99334790	-0.149376	0.0320596	G	T	0.985936	4.9e-06	35648	21.709281618508367
rs114825396	3	99438117	-0.170798	0.0329597	C	T	0.9865	4.3e-07	35648	26.85338643611239
rs56300575	3	99473386	-0.11164	0.0226277	G	A	0.971634	1.3e-06	35648	24.342144224804084
rs12493715	3	99477204	-0.111359	0.0225204	C	T	0.971506	1.3e-06	35648	24.4511024067552
rs72926449	3	99484624	-0.10902	0.0225788	G	C	0.971801	2.4e-06	35648	23.31366985061845
rs72926450	3	99484677	-0.108929	0.0225869	G	A	0.971822	2.5e-06	35648	23.258075458771867
rs72926461	3	99492829	-0.108639	0.0225792	G	A	0.97181	2.7e-06	35648	23.150182435632697
rs72926464	3	99493812	-0.108622	0.0225794	A	T	0.97181	2.7e-06	35648	23.142527867854163
rs111283097	3	99494556	-0.108723	0.0225699	G	A	0.971787	2.6e-06	35648	23.20510752178336
rs61573939	3	99495490	-0.108484	0.0225609	C	G	0.971769	2.7e-06	35648	23.121634887584964
rs78240277	3	99515255	-0.107805	0.0225622	T	A	0.97175	3.1e-06	35648	22.830473485953135
rs938210	3	99519676	-0.108155	0.0225511	G	A	0.971692	2.8e-06	35648	23.001583843921285
rs2342599	3	99528231	-0.107284	0.0225103	C	T	0.9716	3.4e-06	35648	22.7147179741522
rs11919834	3	99528502	-0.107091	0.0225604	T	C	0.971688	3.8e-06	35648	22.53265446603968
rs10935829	3	99531636	-0.106982	0.0225083	C	T	0.971597	3.6e-06	35648	22.591030158893012
rs953512	3	99542333	-0.106024	0.0225017	A	T	0.971547	4.4e-06	35648	22.201264424908324
rs16841332	3	99542769	-0.106294	0.0225019	A	G	0.971532	4.1e-06	35648	22.314086915584916
rs10514745	3	99547278	-0.106073	0.0225322	C	T	0.971557	4.4e-06	35648	22.161671287303587
rs12488756	3	99549612	-0.106627	0.0225408	G	A	0.971539	4e-06	35648	22.37668402568995
rs116195767	3	99625212	-0.177454	0.0333823	A	G	0.987036	1.5e-07	35648	28.257847369495856
rs556721008	3	113568601	-0.0537693	0.0122887	A	G	0.880794	8.3e-06	35648	19.1450665838153
rs12492419	3	176971569	-0.0368118	0.00796479	A	T	0.676925	7.2e-06	35648	21.361190265285167
rs1421164	3	177918782	-0.0402327	0.00891994	G	T	0.776135	7.6e-06	35648	20.343913075636433
rs1421169	3	177929100	-0.0400054	0.00886355	T	C	0.773413	6.7e-06	35648	20.371445030392287
rs34969108	3	177934182	-0.0392792	0.00885998	A	G	0.773466	9.7e-06	35648	19.654399744093062
rs7619802	3	177943594	-0.0395398	0.00886188	T	C	0.773386	8.3e-06	35648	19.90752210776061
rs16828811	3	177947133	-0.0395638	0.00886267	G	T	0.773484	8.4e-06	35648	19.928143329212
rs547699849	3	196004885	0.234284	0.0505845	G	A	0.994243	3.1e-06	35648	21.451138026477693
rs75913651	4	104061274	-0.111811	0.0261168	T	G	0.978647	8.5e-06	35648	18.328593392164837
rs55790715	4	104136288	-0.0934386	0.0220121	C	T	0.96794	9e-06	35648	18.018958756533618
rs1490584	4	105010946	-0.0432063	0.0100957	T	G	0.166871	8.5e-06	35648	18.31560547520862
rs10027139	4	105016079	-0.0435615	0.0101066	T	C	0.166524	7.3e-06	35648	18.577851914337337
rs2595107	4	110629359	-0.0393364	0.00849706	T	C	0.729845	2.9e-06	35648	21.431464696477803
rs6854883	4	110686159	-0.049274	0.0105247	C	T	0.852901	4.2e-06	35648	21.91877040695939
rs148117723	4	110687621	-0.0486174	0.0104857	C	G	0.850298	4.8e-06	35648	21.49753193259913
rs143420291	4	110692617	-0.0481375	0.0105184	C	T	0.850697	7.1e-06	35648	20.944389146046063
rs60197024	4	110696628	-0.0492178	0.0105533	T	A	0.852987	4.9e-06	35648	21.750428944636585
rs57880250	4	110696681	-0.0494377	0.0105545	C	T	0.853008	4.4e-06	35648	21.94023056183361
rs2634071	4	110748064	0.0455691	0.0102046	T	C	0.159356	9.9e-06	35648	19.94109170329741
rs1173771	5	32814922	-0.0373117	0.007601	A	G	0.398676	4.8e-07	35648	24.096202744322778
rs9292468	5	32818967	-0.0373183	0.00760754	T	C	0.398965	4.8e-07	35648	24.063301592518823
rs2193951	5	32820446	-0.0361858	0.00761065	T	G	0.398294	1.1e-06	35648	22.60647543824612
rs2193950	5	32820447	-0.0361851	0.00761062	T	C	0.398291	1.1e-06	35648	22.60577903662684
rs1173770	5	32821105	-0.0364786	0.00761119	T	C	0.398145	8.9e-07	35648	22.97053962145912
rs7733331	5	32828740	-0.0368377	0.00761029	T	C	0.398456	7e-07	35648	23.43055633503083
rs1177764	5	32829869	-0.0390926	0.00759025	C	G	0.402788	1.5e-07	35648	26.526316711194887
rs1173727	5	32830415	-0.0393986	0.00758684	T	C	0.402757	1.2e-07	35648	26.967440488980785
rs13154066	5	32831564	-0.0395121	0.00759099	T	C	0.402862	1.2e-07	35648	27.093392334360743
rs12656497	5	32831833	-0.0396211	0.00759263	T	C	0.402857	1.1e-07	35648	27.23131313559885
rs10059884	5	32832368	-0.0396219	0.0075923	C	A	0.402993	1.1e-07	35648	27.234780185817712
rs78578651	5	167747571	0.224425	0.0489673	A	G	0.993673	5.8e-06	35648	21.00536107633598
rs967430	6	2514078	0.0349119	0.00781641	A	G	0.360537	7.1e-06	35648	19.94951337635035
rs9265346	6	31326598	0.0374206	0.00803612	G	A	0.33488	4.5e-06	35648	21.68346417681235
rs9265729	6	31334459	0.0371295	0.00793725	T	C	0.330136	3.9e-06	35648	21.88255772289203
rs28752872	6	31334973	0.0350552	0.00756918	A	G	0.577573	3.6e-06	35648	21.449009033695862
rs28752873	6	31334975	0.0350566	0.00756917	T	C	0.577574	3.6e-06	35648	21.45077896586853
rs28752874	6	31334978	0.0344608	0.00754369	C	T	0.575188	4.7e-06	35648	20.868106483175456
rs1634766	6	31336955	0.0379651	0.00854511	T	A	0.619604	7.5e-06	35648	19.739392418238708
rs4260781	6	31344660	0.0345717	0.00750378	T	C	0.558655	5.6e-06	35648	21.22664154701403
rs2507999	6	31346869	0.0354916	0.007943	A	G	0.329421	9.8e-06	35648	19.965584617923792
rs9380641	6	37102109	0.0351914	0.00787267	A	G	0.340624	8e-06	35648	19.981541718065515
rs9470475	6	37102337	0.0355802	0.0078664	G	A	0.341122	6.2e-06	35648	20.45807270197511
rs114844065	6	40635736	0.103117	0.0224459	T	C	0.971297	2.6e-06	35648	21.105055161092707
rs9370443	6	55605756	-0.0366474	0.00754796	G	T	0.509509	1e-06	35648	23.57366767975144
rs9382517	6	55613798	-0.0354749	0.00748524	T	C	0.495431	1.4e-06	35648	22.46109373944779
rs550253072	6	57309696	0.126959	0.0286014	G	C	0.979176	5.3e-06	35648	19.70390942504961
rs111583737	6	91491358	-0.142377	0.0325377	C	T	0.985654	5.2e-06	35648	19.14723088846393
rs72988858	6	129712093	-0.0510626	0.0113759	C	T	0.877191	3.8e-06	35648	20.148110188693483
rs799227	6	133166301	-0.0324947	0.00747865	C	G	0.469323	5.5e-06	35648	18.878985202397075
rs6569912	6	133885664	0.0363005	0.00800984	T	C	0.322385	5.2e-06	35648	20.538916633161698
rs6569913	6	133885667	0.0368463	0.00802565	A	G	0.320079	3.9e-06	35648	21.077899781176345
rs2327429	6	133888699	-0.040814	0.00818874	T	C	0.705463	4.4e-07	35648	24.84186264251746
rs12190287	6	133893387	-0.0384589	0.00770624	C	G	0.626031	4.8e-07	35648	24.9062679489775
rs162185	6	133905009	-0.0375307	0.00760556	T	C	0.589369	6e-07	35648	24.350671153092144
rs117019499	7	116426000	0.14959	0.0340702	G	A	0.986809	7.2e-06	35648	19.277724009750884
rs73158222	7	148750682	-0.0636239	0.0140484	C	G	0.922905	9.3e-06	35648	20.511000485220062
rs3807447	7	148778836	-0.0638759	0.0139112	G	T	0.922542	7.8e-06	35648	21.083605221059635
rs113907915	7	148792052	-0.06354	0.0139572	G	T	0.922985	8.4e-06	35648	20.72515644034457
rs2302427	7	148828812	-0.0681759	0.0143518	C	G	0.92773	2.9e-06	35648	22.56571051289685
rs140190591	7	148833406	-0.0688573	0.0143622	G	A	0.927756	2.3e-06	35648	22.985716099314068
rs113161209	7	148867275	-0.0701475	0.0146948	G	A	0.92914	2.7e-06	35648	22.78751860761826
rs17176676	7	150771353	0.0912642	0.0214717	T	C	0.967457	5.4e-06	35648	18.066251062147572
rs116067692	8	8233062	0.0385458	0.00804031	C	T	0.640002	1.3e-06	35648	22.9830964779956
rs1878561	8	8234883	-0.0359243	0.00749672	A	C	0.505244	1.4e-06	35648	22.963286704847196
rs2945253	8	8236056	-0.0359466	0.0075001	T	C	0.497897	1.3e-06	35648	22.97108612801951
rs9693219	8	8236594	-0.0350824	0.00751453	G	C	0.497838	2.3e-06	35648	21.79590702670262
rs2945250	8	8237033	-0.0359094	0.00748636	T	C	0.498547	1.3e-06	35648	23.00778882424057
rs73199790	8	8237150	0.0352284	0.00772078	T	C	0.616462	4.6e-06	35648	20.81917340774972
rs2980438	8	8237303	-0.0361152	0.00748483	T	C	0.49857	1.1e-06	35648	23.28177923724782
rs2980441	8	8237607	-0.0358168	0.00748716	G	C	0.498542	1.3e-06	35648	22.884389739648203
rs712253	8	8246260	0.0344326	0.00770035	C	T	0.613967	6.6e-06	35648	19.994875492186285
rs793753	8	8247837	0.0344291	0.00766897	T	G	0.606681	6.2e-06	35648	20.154742896714875
rs17594065	8	8247883	0.03496	0.00768822	T	C	0.612801	4.5e-06	35648	20.677176904669828
rs10092965	8	8515975	-0.0333069	0.0074906	A	G	0.542526	8.9e-06	35648	19.771299446042185
rs10087493	8	8516047	-0.0332975	0.00749052	C	T	0.542533	9e-06	35648	19.76056324361813
rs576922	8	8739327	0.0362779	0.00821868	C	T	0.706134	7.1e-06	35648	19.48409041519709
rs477018	8	8743307	0.0379366	0.00831646	T	A	0.715793	3.9e-06	35648	20.808453524245067
rs57281209	8	8745285	0.0385725	0.00831336	C	T	0.714991	2.7e-06	35648	21.527936335151548
rs57687880	8	8745400	0.0385643	0.00831351	C	T	0.71498	2.7e-06	35648	21.518007686301488
rs28399241	8	8805705	-0.0327143	0.00750638	C	T	0.449753	7.4e-06	35648	18.993901067067295
rs9329167	8	8806587	-0.0324402	0.00748458	C	T	0.464067	8.8e-06	35648	18.7859073701206
rs4841043	8	8807169	-0.0323235	0.00748357	G	A	0.4669	9.1e-06	35648	18.656024772559206
rs4841044	8	8807430	-0.0326816	0.00750606	G	A	0.449805	7.4e-06	35648	18.957565150183267
rs11783966	8	8807637	-0.0327134	0.00750653	G	A	0.449861	7.3e-06	35648	18.99209695685278
rs6988939	8	8809406	-0.0332177	0.00751053	C	T	0.447175	5.2e-06	35648	19.56131049460736
rs6993494	8	8809934	-0.0324011	0.00751829	C	T	0.444717	8.7e-06	35648	18.572970199637144
rs4841047	8	8815442	-0.0335009	0.00751073	A	C	0.447257	5e-06	35648	19.89521556038564
rs13265731	8	8815810	-0.0334573	0.00751219	T	C	0.447099	5.1e-06	35648	19.835751264994087
rs35431455	8	8816226	-0.0329985	0.00747791	T	C	0.537583	9e-06	35648	19.472778762633677
rs13260419	8	8817666	-0.0329218	0.00751704	A	G	0.446286	6.7e-06	35648	19.181096135360683
rs3789849	8	8829544	-0.0352737	0.00758584	G	C	0.575128	3.4e-06	35648	21.621940962030713
rs13259070	8	8833277	-0.0349584	0.00756618	C	T	0.568993	3.6e-06	35648	21.347634411952
rs13270070	8	8834112	-0.0355874	0.00756599	T	A	0.5699	2.4e-06	35648	22.123864692284993
rs2409096	8	8834967	-0.0364964	0.00756389	T	C	0.568376	1.2e-06	35648	23.28142971689805
rs1510934	8	8838939	-0.036071	0.00755678	T	G	0.564777	1.5e-06	35648	22.784673379829655
rs7820146	8	8842247	-0.0340871	0.00755268	T	A	0.567458	4.1e-06	35648	20.369386110991304
rs7833171	8	8842251	-0.0340813	0.00755263	C	T	0.567463	4.1e-06	35648	20.36272451146085
rs11249893	8	8843341	-0.0331371	0.00747505	C	T	0.52848	5.9e-06	35648	19.65173018990936
rs4481596	8	8846820	-0.0326446	0.00747631	G	C	0.531358	8.8e-06	35648	19.06549570123184
rs28448827	8	8915116	0.0381035	0.00840283	G	A	0.725754	7.1e-06	35648	20.56262638969543
rs56005029	8	8916563	0.0414465	0.00853948	G	A	0.738319	1.3e-06	35648	23.55661436615192
rs435581	8	9171903	-0.0348477	0.00745401	A	G	0.499894	2.1e-06	35648	21.855879949086745
rs453301	8	9172877	-0.0349794	0.00746028	T	G	0.507978	1.9e-06	35648	21.984391834935455
rs393155	8	9175583	-0.0362079	0.00748814	G	A	0.51174	9.5e-07	35648	23.38076750613219
rs439989	8	9176234	-0.0353987	0.00748806	C	G	0.498096	1.3e-06	35648	22.347862718419684
rs367543	8	9176638	-0.0333317	0.00756716	C	T	0.449846	5.3e-06	35648	19.402115924117354
rs12547955	8	9178319	-0.0339022	0.00755328	G	T	0.491433	4.5e-06	35648	20.145803548006867
rs1968853	8	9188802	-0.036609	0.00747068	A	C	0.549147	1.1e-06	35648	24.01349999636197
rs13266650	8	9196912	-0.0364161	0.00796918	C	G	0.674754	4.3e-06	35648	20.881399063303952
rs17654950	8	9199665	-0.0367169	0.00828723	T	C	0.733931	7.2e-06	35648	19.629680410129037
rs57310854	8	9199782	-0.0366805	0.00829139	A	G	0.73447	7.7e-06	35648	19.571125738403783
rs58279592	8	9199917	-0.0365139	0.00829677	G	A	0.734995	8.6e-06	35648	19.3686049789671
rs1053036	8	9202567	0.0421376	0.00761424	A	G	0.579518	2.8e-08	35648	30.625731392645676
rs2929470	8	9204980	-0.0357641	0.0075965	G	A	0.433699	1.8e-06	35648	22.164988827813826
rs2929469	8	9205146	-0.0358503	0.00759676	T	G	0.43348	1.7e-06	35648	22.27043890025624
rs13266170	8	9205178	0.0364519	0.007601	C	G	0.567409	1.2e-06	35648	22.998466307542575
rs11779181	8	9205517	0.0383962	0.00759574	C	T	0.573756	2.9e-07	35648	25.5526713520729
rs13276350	8	9205647	0.0382446	0.00759477	T	C	0.573706	3.2e-07	35648	25.357766214240367
rs2929466	8	9206389	-0.0358288	0.00756628	A	C	0.442237	1.6e-06	35648	22.423309313103033
rs2929465	8	9206492	-0.0371121	0.00760342	G	C	0.420614	7.1e-07	35648	23.82391318305184
rs34491841	8	9208000	0.0424052	0.00766743	C	A	0.602155	2.7e-08	35648	30.58712036994009
rs34389718	8	9208015	0.0427265	0.00766891	A	G	0.601996	2.2e-08	35648	31.040403263322982
rs34455383	8	9208948	0.043134	0.00773357	C	T	0.623447	2e-08	35648	31.10852547015291
rs4841109	8	9212238	0.0465057	0.00905053	A	G	0.755434	2.7e-07	35648	26.40367308247402
rs6998368	8	9212778	0.0430681	0.00766012	G	C	0.601212	1.7e-08	35648	31.611148811751793
rs13260067	8	9213523	0.0431469	0.00765546	A	G	0.600812	1.6e-08	35648	31.765567101253627
rs7006504	8	9216713	0.0430383	0.00772637	T	C	0.624608	1.8e-08	35648	31.028387993897777
rs2929456	8	9225906	0.0369119	0.00745088	G	A	0.503056	3.9e-07	35648	24.542435785528895
rs2929455	8	9225923	0.0364266	0.00745425	A	T	0.523127	5.7e-07	35648	23.87972744456549
rs2929309	8	9226261	0.036427	0.00744624	C	A	0.522657	5.6e-07	35648	23.931656011174095
rs2929454	8	9226344	0.0369837	0.00744423	A	C	0.502094	3.6e-07	35648	24.68204555570806
rs2929308	8	9226611	0.0354803	0.00745295	T	A	0.485543	1.2e-06	35648	22.663039268030712
rs2929453	8	9226831	0.0364983	0.00743601	T	C	0.502328	4.9e-07	35648	24.091583303709708
rs2929452	8	9226955	0.0368157	0.00743876	G	A	0.502474	3.9e-07	35648	24.49429988390245
rs2929306	8	9227399	0.0363138	0.00744351	C	T	0.50113	6e-07	35648	23.800596539659928
rs2929305	8	9227707	0.0368908	0.00743848	G	A	0.502412	3.8e-07	35648	24.596184791632663
rs2929451	8	9227785	0.0357294	0.00745104	A	T	0.48538	1e-06	35648	22.994165702405944
rs4841110	8	9228513	0.0413927	0.00756255	A	G	0.584395	3.7e-08	35648	29.95787426669004
rs330047	8	9228882	0.0373622	0.00745608	T	A	0.491258	3e-07	35648	25.10982948421
rs330048	8	9229768	0.0365632	0.00744133	A	C	0.501942	4.7e-07	35648	24.142779444724717
rs330049	8	9229789	0.0355094	0.00743628	A	G	0.492957	1.1e-06	35648	22.80211860054865
rs330050	8	9230169	0.0367766	0.00744395	G	C	0.501592	4.1e-07	35648	24.408228348313692
rs330054	8	9230781	0.0366158	0.00744319	G	A	0.502137	4.7e-07	35648	24.200193807393077
rs330056	8	9232185	0.035699	0.0074401	A	T	0.492819	9.8e-07	35648	23.022609968026316
rs330057	8	9232283	0.0366554	0.00744877	C	T	0.501984	4.6e-07	35648	24.216244739256418
rs330058	8	9232299	0.0356374	0.00744197	G	A	0.492893	1e-06	35648	22.93169692979781
rs330060	8	9233392	0.035456	0.00744464	A	G	0.492292	1.1e-06	35648	22.682560323170396
rs12549645	8	9235903	-0.0479639	0.0107434	G	A	0.858603	9.6e-06	35648	19.931752520632017
rs12547961	8	9236257	-0.0483705	0.0107288	A	G	0.858407	7.8e-06	35648	20.326324486643458
rs13277288	8	9236292	-0.0484093	0.0107282	A	G	0.858419	7.7e-06	35648	20.361224062650436
rs6988086	8	9236490	0.0345677	0.00761155	A	G	0.405502	9.6e-06	35648	20.625038091603088
rs6988251	8	9236602	0.0410981	0.00765931	A	G	0.606867	6.4e-08	35648	28.791493551363818
rs4840397	8	9236609	-0.0482903	0.0107212	G	C	0.858411	8e-06	35648	20.28770921534764
rs4840398	8	9236712	-0.0484966	0.0107213	A	G	0.858439	7.2e-06	35648	20.461039197346427
rs4840399	8	9236778	-0.0482817	0.0107206	A	C	0.858451	8e-06	35648	20.282753938808224
rs1481212	8	9236897	-0.0486	0.0107194	G	C	0.858447	6.8e-06	35648	20.5556675058716
rs12682260	8	9236996	-0.0511812	0.0110285	G	C	0.868377	4.3e-06	35648	21.53714010785391
rs1481213	8	9237139	-0.0483398	0.0107113	C	G	0.85852	7.6e-06	35648	20.366918814572426
rs1481214	8	9237158	-0.0483335	0.0107087	G	T	0.858475	7.4e-06	35648	20.37149894887713
rs1870788	8	9237265	0.0485742	0.0106942	A	G	0.142326	6.7e-06	35648	20.630735422331036
rs34161609	8	9237296	0.0422203	0.00770812	G	A	0.617084	3e-08	35648	30.001688359263454
rs382785	8	9237485	0.0482507	0.0107136	T	C	0.141588	7.9e-06	35648	20.283195716906903
rs73663816	8	9237820	-0.0513447	0.0110547	C	A	0.869024	3.9e-06	35648	21.57234309109207
rs17149590	8	9238186	-0.0512698	0.0110363	C	T	0.86851	4.3e-06	35648	21.58123290961642
rs34999013	8	9238209	0.0365356	0.0075304	T	A	0.446492	1.7e-06	35648	23.539454610405027
rs7004772	8	9239835	-0.0482918	0.0107104	A	G	0.858226	7.6e-06	35648	20.32990762613258
rs17656299	8	9239902	0.0420799	0.00770598	C	G	0.616382	3.4e-08	35648	29.819039007066937
rs17707436	8	9240257	0.0421869	0.00770787	G	A	0.616633	3.1e-08	35648	29.956182270839484
rs419477	8	9240283	0.0507231	0.0110223	C	A	0.132025	5e-06	35648	21.17713092564002
rs7842765	8	9240741	0.0454856	0.00803724	T	C	0.643901	9.7e-09	35648	32.02830693029538
rs17707483	8	9241123	0.0421788	0.00771262	A	G	0.616632	3.1e-08	35648	29.907807112402832
rs7840079	8	9241396	-0.0517206	0.0110929	A	T	0.868503	4e-06	35648	21.73886737098215
rs10102807	8	9247080	0.0369414	0.00764002	C	T	0.612493	6.8e-07	35648	23.37963407552004
rs2126267	8	9250441	0.0362946	0.00780712	C	G	0.64969	2e-06	35648	21.61236628510913
rs9329182	8	9253679	0.03652	0.0078061	C	T	0.650366	1.7e-06	35648	21.887356750543617
rs4841112	8	9255062	0.0344805	0.00767913	C	T	0.611521	7e-06	35648	20.16151067588325
rs4841113	8	9255566	0.0344062	0.00755712	C	G	0.582651	4.7e-06	35648	20.728161423574793
rs9987353	8	9258839	0.0353387	0.00779839	C	A	0.648057	4.2e-06	35648	20.534835920457436
rs41436744	8	9265814	0.0340526	0.00782843	C	T	0.653344	9.3e-06	35648	18.92131033571044
rs330014	8	9271334	0.0347599	0.00785556	G	T	0.658459	6.3e-06	35648	19.57955137388214
rs4841114	8	9272188	0.0371187	0.00783765	A	G	0.654874	1.3e-06	35648	22.429200023870628
rs28529780	8	9272528	0.0376216	0.00788832	G	T	0.66136	1e-06	35648	22.746023484229433
rs4841116	8	9272606	0.0375267	0.00788064	G	C	0.661315	1.1e-06	35648	22.67554705358768
rs4841117	8	9272622	0.0381492	0.00788413	C	T	0.661958	7.8e-07	35648	23.41333703634081
rs7010108	8	9273164	0.0382405	0.00787606	G	A	0.661379	7.1e-07	35648	23.57377273270625
rs112549992	8	9274260	0.0370536	0.00784425	C	G	0.654077	1.4e-06	35648	22.31299998068391
rs55688575	8	9275641	0.0364748	0.0078649	C	T	0.655571	2.2e-06	35648	21.507970312148817
rs73199674	8	9276779	0.0361961	0.00784051	G	A	0.650271	2.4e-06	35648	21.31252631807306
rs7829432	8	9277607	0.0362324	0.00784163	C	T	0.649565	2.3e-06	35648	21.34919535094207
rs7830467	8	9278338	0.0361687	0.00784465	C	T	0.64951	2.3e-06	35648	21.257816569286906
rs4841118	8	9279492	0.0355694	0.00785662	C	G	0.65126	3.8e-06	35648	20.49658851359057
rs4841119	8	9279637	0.0360827	0.00785141	T	A	0.64934	2.5e-06	35648	21.120429297044524
rs76060185	8	9279706	0.0361775	0.00785215	T	C	0.649307	2.4e-06	35648	21.227552794532155
rs4841121	8	9282501	0.037746	0.00793833	T	C	0.656386	1.6e-06	35648	22.609115558857873
rs329988	8	9283077	-0.0353713	0.00788766	T	G	0.352468	6.4e-06	35648	20.109704064952737
rs371636938	8	9287172	-0.0351942	0.00762632	G	C	0.460019	5.2e-06	35648	21.296691841992843
rs375963312	8	9287173	-0.0351942	0.00762632	G	A	0.460019	5.2e-06	35648	21.296691841992843
rs369854437	8	9287180	-0.0353053	0.00762874	G	A	0.459652	5e-06	35648	21.417766771152746
rs374013495	8	9287187	-0.0349912	0.007629	C	T	0.459792	6.1e-06	35648	21.036933948992942
rs11249914	8	9287237	-0.0398833	0.00782297	G	C	0.498452	3.9e-07	35648	25.991948685703417
rs377046589	8	9287243	-0.0407253	0.00785218	C	A	0.5024	2.1e-07	35648	26.899740544959737
rs370271315	8	9287244	-0.0407253	0.00785218	T	C	0.5024	2.1e-07	35648	26.899740544959737
rs375421717	8	9287247	-0.0407248	0.0078522	C	T	0.502402	2.1e-07	35648	26.89894300552079
rs368556855	8	9287248	-0.0407292	0.00785202	C	G	0.502413	2.1e-07	35648	26.905989310849076
rs370830387	8	9287256	-0.0410016	0.00784271	C	A	0.499926	1.8e-07	35648	27.331866837399925
rs375870337	8	9287258	-0.0410791	0.00784077	C	A	0.499809	1.7e-07	35648	27.448866258588662
rs367962826	8	9287259	-0.0410791	0.00784077	C	G	0.499809	1.7e-07	35648	27.448866258588662
rs372227477	8	9287263	-0.0410738	0.0078411	C	A	0.499739	1.7e-07	35648	27.439474066624832
rs7812901	8	9287281	-0.0390646	0.00775233	G	A	0.485918	6.6e-07	35648	25.3923128728952
rs7839174	8	9287572	-0.0336912	0.00750122	T	C	0.450592	8.3e-06	35648	20.17293800265156
rs7387873	8	9288417	-0.032931	0.00746814	A	C	0.471122	9.2e-06	35648	19.44396973059761
rs330088	8	9292236	-0.033734	0.00750952	T	C	0.456144	8.4e-06	35648	20.17954290476718
rs330087	8	9292569	-0.0356309	0.00783082	C	G	0.351336	6.4e-06	35648	20.70327743546062
rs35614264	8	9328023	0.0347117	0.00775069	C	T	0.635224	5.9e-06	35648	20.05723363541345
rs35847492	8	9418515	-0.0393636	0.00800076	G	C	0.679609	7.9e-07	35648	24.20622880056667
rs17730481	8	9418653	-0.0395915	0.00800141	G	A	0.679784	6.8e-07	35648	24.48335123704284
rs2975648	8	10278466	-0.0338157	0.0075479	T	C	0.569733	6.9e-06	35648	20.071715311894664
rs34328494	8	10278537	-0.0373395	0.0082142	T	C	0.701315	5.2e-06	35648	20.663622089901033
rs7460226	8	10340208	-0.0360894	0.00763593	A	G	0.592927	2.7e-06	35648	22.33754532066812
rs10105843	8	10340353	-0.0375008	0.00758852	A	G	0.578214	1.1e-06	35648	24.421194301972847
rs7837979	8	10341024	-0.0366118	0.00758323	C	T	0.578549	1.8e-06	35648	23.309540146327677
rs11249992	8	10362902	-0.0354518	0.00768803	C	A	0.611128	8.3e-06	35648	21.264072408233368
rs11249995	8	10381412	-0.0338633	0.00765888	T	C	0.612719	9.3e-06	35648	19.54915662756949
rs35840352	8	10382297	-0.0363961	0.00767389	A	G	0.617618	2.2e-06	35648	22.49461476706331
rs60755617	8	10385817	-0.0349409	0.00769848	T	G	0.62059	6.3e-06	35648	20.59957227195969
rs34381075	8	10386275	-0.0347549	0.00766966	C	G	0.616728	6.1e-06	35648	20.534298114047324
rs34487437	8	10386293	-0.0363087	0.00775043	G	A	0.628378	4.1e-06	35648	21.946729101895283
rs35406700	8	10387083	-0.0349676	0.00767979	A	G	0.61861	6.4e-06	35648	20.73160672872587
rs11249996	8	10387953	-0.0346339	0.00768013	A	C	0.620674	8.3e-06	35648	20.336005688648857
rs12543645	8	10388815	-0.0355735	0.00772514	G	C	0.629771	5.8e-06	35648	21.205107364810168
rs35472251	8	10389159	-0.0358523	0.00771607	A	G	0.626498	4.6e-06	35648	21.58945731498325
rs34155841	8	10390019	-0.0358305	0.00769456	T	G	0.622298	4.7e-06	35648	21.683937968146957
rs9650650	8	10390466	-0.0360502	0.0077149	C	T	0.628216	4.3e-06	35648	21.835078349740662
rs12541491	8	10392538	-0.0360519	0.00770158	C	T	0.627591	3.7e-06	35648	21.91273837336716
rs13264580	8	10393189	-0.0370386	0.00768622	C	T	0.623278	1.8e-06	35648	23.221138214166352
rs2001337	8	10393644	-0.0366561	0.00768204	G	A	0.62295	2.2e-06	35648	22.768760291426783
rs2001338	8	10393707	-0.036539	0.0076759	A	G	0.622299	2.3e-06	35648	22.65972831115877
rs11249999	8	10393755	-0.0367914	0.00767475	T	C	0.622385	2e-06	35648	22.980747613537257
rs11250001	8	10398391	0.0379301	0.00766319	G	A	0.387849	8.5e-07	35648	24.49902429270557
rs11989640	8	10398544	0.0356444	0.00768625	A	G	0.37676	3.9e-06	35648	21.50570109030629
rs11250002	8	10399531	-0.0356613	0.00768882	T	G	0.62251	4.4e-06	35648	21.51171096626923
rs13254942	8	10400168	-0.0352873	0.00771331	T	C	0.628674	5.6e-06	35648	20.92932814008543
rs4292737	8	10401605	0.0346615	0.00765052	A	G	0.392084	6.9e-06	35648	20.52640042134066
rs35388602	8	10401678	-0.0367182	0.0077017	T	C	0.616197	2.3e-06	35648	22.72948368475165
rs4316191	8	10401719	0.0348498	0.00764992	G	A	0.392132	6.3e-06	35648	20.753282274760704
rs11785061	8	10402018	-0.0362068	0.00771109	G	C	0.625583	3.1e-06	35648	22.046961416320737
rs11779205	8	10402590	-0.0348426	0.00771388	C	T	0.627146	7.9e-06	35648	20.402122612391057
rs12547997	8	10403327	-0.0361281	0.00772067	A	G	0.621916	3.9e-06	35648	21.896780483465836
rs12548025	8	10403411	-0.0360216	0.00772257	A	T	0.622242	4.1e-06	35648	21.757164305932957
rs6999466	8	10408202	-0.034288	0.00770751	A	G	0.621076	9.5e-06	35648	19.79047024405285
rs7005363	8	10426238	-0.0339399	0.00748896	T	C	0.544326	3e-06	35648	20.53894324786812
rs7816990	8	10606434	0.0386578	0.00857874	A	C	0.254291	7.5e-06	35648	20.30613449882989
rs7002088	8	10637228	-0.0383885	0.00747566	A	C	0.556569	7.7e-07	35648	26.36957943867455
rs73198802	8	10653479	0.0348454	0.00763845	T	C	0.424475	6.6e-06	35648	20.81040001433886
rs11781592	8	10653611	0.0357226	0.00757735	G	A	0.42433	3.3e-06	35648	22.22549414309237
rs28722737	8	10653909	0.034055	0.00754142	C	T	0.431432	8.4e-06	35648	20.391797628989707
rs28459259	8	10654197	0.0349661	0.00754606	C	T	0.429738	4.7e-06	35648	21.471079624801476
rs9969466	8	10655001	0.0350199	0.00754169	G	C	0.429831	4e-06	35648	21.5621691954476
rs9969657	8	10657768	0.0332713	0.00750479	G	A	0.428193	9.1e-06	35648	19.654520452270603
rs4841407	8	10658675	0.0332509	0.00750957	G	A	0.428007	9.6e-06	35648	19.605443446057617
rs4841408	8	10658826	0.0341459	0.00751761	A	G	0.425778	5.5e-06	35648	20.63087012593378
rs4841409	8	10658864	0.0337254	0.00752369	A	G	0.424056	7.4e-06	35648	20.093353869312807
rs28680211	8	10661935	0.0331929	0.00751192	T	A	0.432247	9.5e-06	35648	19.524885097492163
rs4840514	8	10755415	0.0398197	0.0080303	G	A	0.683426	7.6e-07	35648	24.58852215737185
rs7350075	8	10767489	0.0392744	0.0080088	C	A	0.682838	9.3e-07	35648	24.04829115103543
rs7350124	8	10767535	0.0398709	0.00799587	T	C	0.680285	6.1e-07	35648	24.864551441517
rs17774023	8	10768823	0.039392	0.00800831	T	C	0.682553	8.6e-07	35648	24.195483775491624
rs28434571	8	10805777	0.0443934	0.00837931	T	G	0.659011	1.5e-07	35648	28.068570843997556
rs11776965	8	10840370	0.0412276	0.00808238	A	G	0.690284	3e-07	35648	26.01941793002044
rs3808604	8	10840717	0.0415033	0.00808507	A	T	0.690667	2.5e-07	35648	26.35103576790195
rs877116	8	10855435	0.0340496	0.00757399	G	T	0.408969	5.1e-06	35648	20.210384406589927
rs7840344	8	10868954	0.0344522	0.00772659	T	G	0.375479	6.2e-06	35648	19.881913686297768
rs7819602	8	10869332	0.0367408	0.00769193	C	G	0.384622	1.3e-06	35648	22.815320309867023
rs2163379	8	10874540	0.0333679	0.0077432	A	C	0.376901	9.2e-06	35648	18.57020922832367
rs7843666	8	10884549	0.0345963	0.00748607	G	A	0.501255	1.7e-06	35648	21.357555387796996
rs17778581	8	10885911	0.0347346	0.00748419	C	T	0.500759	1.6e-06	35648	21.53946912607198
rs10090444	8	10887959	0.0374231	0.00749773	C	G	0.451046	3e-07	35648	24.91264997278541
rs1529598	8	10894199	0.0371197	0.00793984	C	T	0.672168	2.1e-06	35648	21.856741384359022
rs6985767	8	10894964	0.0366699	0.00793652	A	G	0.671835	2.7e-06	35648	21.34809964370251
rs11250084	8	10895802	0.0370271	0.00768029	G	C	0.624975	1.3e-06	35648	23.242570677837328
rs35888807	8	10896776	0.0375761	0.00796552	T	A	0.667941	1.8e-06	35648	22.253336808233335
rs10107145	8	10900703	0.0353901	0.00749354	A	G	0.45138	1.3e-06	35648	22.304347350616407
rs12542037	8	10900986	-0.0354973	0.00752236	G	A	0.558866	1.2e-06	35648	22.268061619006662
rs6985109	8	10904075	0.035502	0.00747647	G	A	0.4544	1.1e-06	35648	22.548229645873633
rs4326350	8	10906145	0.0349594	0.00748216	C	G	0.499821	1.3e-06	35648	21.831016539098407
rs4840525	8	10908125	0.0339923	0.00747692	C	A	0.499291	2.5e-06	35648	20.668817670568423
rs6997839	8	10908518	0.0348397	0.00747703	T	C	0.496463	1.3e-06	35648	21.71153690077372
rs6997997	8	10908572	0.0351867	0.0074783	T	C	0.495359	9.7e-07	35648	22.138658942268428
rs4240671	8	10910238	0.0332158	0.00747589	G	A	0.498397	4.2e-06	35648	19.74074909168914
rs4240672	8	10910407	0.032977	0.00746942	G	A	0.503186	4.6e-06	35648	19.491646576648872
rs4496928	8	10911550	0.035246	0.00797507	T	G	0.677387	6.5e-06	35648	19.532177682654996
rs7821826	8	10911929	0.0334956	0.00747434	C	T	0.502275	3.3e-06	35648	20.083057149458533
rs11250086	8	10912273	0.0333522	0.00747264	A	G	0.501931	3.5e-06	35648	19.920528315712986
rs7834121	8	10912745	0.0325275	0.00748207	G	T	0.49984	5.8e-06	35648	18.899827356594635
rs7834248	8	10912801	0.0327604	0.00757131	G	T	0.512412	7.7e-06	35648	18.72217649128871
rs13270870	8	10913272	0.0330155	0.00747356	A	G	0.50175	4.4e-06	35648	19.515546008783637
rs11776011	8	10913286	0.0348943	0.00793755	C	T	0.676452	7.5e-06	35648	19.325735579118476
rs10903332	8	10913712	0.0359724	0.00795116	T	G	0.677107	4.2e-06	35648	20.46811471556174
rs10903333	8	10913727	0.0356982	0.00794741	A	G	0.677037	4.9e-06	35648	20.176294100118483
rs4554431	8	10914128	0.0334367	0.00747103	T	A	0.503003	3.5e-06	35648	20.030226331673788
rs4073948	8	10915134	0.0361844	0.00749859	A	T	0.450623	7.5e-07	35648	23.28539098819048
rs4841457	8	10916001	0.0359841	0.00748655	T	G	0.457077	7.4e-07	35648	23.10243894360732
rs34741518	8	10919350	0.0355038	0.00748711	A	C	0.458536	1e-06	35648	22.486468211462604
rs7823296	8	10921036	0.0335456	0.00750371	A	G	0.450049	4.4e-06	35648	19.98568534907293
rs7016385	8	10921962	0.033494	0.00750315	C	T	0.450915	4.3e-06	35648	19.927222702212504
rs4841459	8	10924932	0.0336142	0.00751489	A	C	0.452891	4.4e-06	35648	20.007844508228704
rs11250092	8	10929033	0.0324998	0.00752341	G	A	0.447613	8.5e-06	35648	18.660871260710756
rs4240673	8	10930102	0.0340615	0.00751565	T	C	0.448463	3.2e-06	35648	20.53971650067116
rs11783247	8	10931365	0.0346595	0.00750166	C	T	0.456519	1.9e-06	35648	21.34665510604474
rs66724331	8	10931835	0.0339585	0.00749628	C	A	0.507011	2.7e-06	35648	20.52132494577193
rs4841460	8	10931983	0.032368	0.00748173	C	G	0.504776	7.3e-06	35648	18.71663056226123
rs7461177	8	10932472	0.0332184	0.00750712	C	T	0.507927	4.5e-06	35648	19.5799106047217
rs7461180	8	10932509	0.0332265	0.00750718	C	T	0.507936	4.5e-06	35648	19.58914739924514
rs7461065	8	10932692	0.0327469	0.00750458	G	T	0.509832	5.5e-06	35648	19.040905777305657
rs7461237	8	10932694	0.0327533	0.00750454	C	T	0.509835	5.5e-06	35648	19.04855221090309
rs6992033	8	10933015	0.0348188	0.0075298	C	T	0.452101	1.9e-06	35648	21.382610099774713
rs6980908	8	10937965	0.0334456	0.00753011	C	G	0.509484	4.9e-06	35648	19.72764944290529
rs7000772	8	10938103	0.0323308	0.00749869	A	G	0.501026	8e-06	35648	18.589260012412712
rs6984496	8	10938583	0.0341751	0.00750967	G	T	0.452189	2.8e-06	35648	20.7098942806251
rs7005884	8	10938962	0.0336753	0.00752488	A	G	0.441729	4.2e-06	35648	20.02736392262072
rs11250093	8	10941318	0.034163	0.00752517	T	C	0.441383	3.2e-06	35648	20.610065452732897
rs7833435	8	10943627	0.0358896	0.0075102	A	G	0.446881	9.4e-07	35648	22.836746489103337
rs11777007	8	10944347	0.0363003	0.00750329	C	T	0.449905	7.5e-07	35648	23.405448317735228
rs11250094	8	10944491	0.0363274	0.00750153	G	C	0.449054	6.8e-07	35648	23.451408462904432
rs11783749	8	10944545	0.0364117	0.00750106	G	A	0.449162	6.4e-07	35648	23.56332823991519
rs12546366	8	10944636	0.0362534	0.00750077	T	C	0.448944	7.1e-07	35648	23.360696562918065
rs12679529	8	10945955	0.0360516	0.00752219	T	C	0.4263	1.1e-06	35648	22.969973273434324
rs7813668	8	10946707	0.039948	0.00794991	A	C	0.668088	3.2e-07	35648	25.25024859619817
rs7821006	8	10952216	0.034914	0.00781513	C	G	0.38015	6.3e-06	35648	19.958449609290028
rs60724652	8	10952739	0.0353731	0.00746447	A	T	0.510915	1.2e-06	35648	22.456821647005324
rs60240827	8	10952740	0.0354162	0.00746369	C	T	0.510825	1.1e-06	35648	22.51628499968754
rs7004551	8	10952937	0.0357471	0.00788016	C	G	0.371576	4.7e-06	35648	20.57839784900372
rs10096511	8	10952941	0.0363713	0.00746847	A	G	0.469903	7.3e-07	35648	23.716705812565184
rs11250097	8	10954319	0.0361154	0.00745767	T	C	0.465293	7.6e-07	35648	23.451927047073703
rs35910832	8	10955687	0.0356624	0.00745532	T	C	0.470474	9.8e-07	35648	22.88171412885919
rs10096381	8	10956394	0.0354954	0.00745058	G	T	0.477785	1e-06	35648	22.696766237034144
rs10109025	8	10958061	0.0356666	0.00754583	C	G	0.590431	1.5e-06	35648	22.341348796600062
rs10111950	8	10958244	0.0359748	0.00744344	C	G	0.472215	6.9e-07	35648	23.358738910958717
rs4314618	8	10959262	0.0359221	0.00744503	A	G	0.46881	7.2e-07	35648	23.28040497622177
rs10088408	8	10959687	0.0359926	0.00744034	C	T	0.470316	6.8e-07	35648	23.401348059651056
rs11250098	8	10961097	0.0373611	0.00743484	A	G	0.475556	2.3e-07	35648	25.25201596368128
rs11250099	8	10961147	0.0350026	0.00743385	A	G	0.467917	1.3e-06	35648	22.17037416720525
rs4841465	8	10962344	0.0349278	0.00744076	C	T	0.474049	1.4e-06	35648	22.03473692189548
rs4841466	8	10971399	0.0356153	0.00749381	T	C	0.454311	1.2e-06	35648	22.587484026979705
rs10096421	8	10974358	0.0356019	0.00749502	T	G	0.460716	1.1e-06	35648	22.563203472585432
rs7830359	8	10976748	0.0381823	0.00778788	C	T	0.626228	6.3e-07	35648	24.0372991876622
rs4451266	8	10977970	0.036024	0.00751777	C	T	0.471186	8.6e-07	35648	22.961793055096567
rs4285446	8	10978361	0.0355188	0.00775764	A	T	0.628567	3.1e-06	35648	20.963187831410885
rs4451267	8	10978407	0.0360909	0.00751476	C	T	0.469335	7.8e-07	35648	23.06562326750661
rs6601544	8	10978514	0.0362204	0.00751525	T	C	0.469299	7e-07	35648	23.228417309186188
rs7010719	8	10978559	0.0362209	0.00751503	C	T	0.469321	7.2e-07	35648	23.230418687013763
rs7011106	8	10978849	0.0383216	0.00751847	C	T	0.47973	1.7e-07	35648	25.979352609773
rs6996943	8	10978926	0.0360088	0.00751954	T	C	0.469949	8.6e-07	35648	22.93162069078656
rs7011268	8	10978953	0.0363071	0.00752054	C	G	0.470115	6.9e-07	35648	23.30692999609274
rs7010246	8	10978962	0.0351047	0.00777457	G	A	0.631365	4.6e-06	35648	20.38814790866468
rs7010262	8	10978998	0.0375652	0.00751388	G	A	0.478801	2.7e-07	35648	24.994410657031427
rs7014861	8	10979509	0.0364376	0.00751788	G	A	0.469501	6e-07	35648	23.491391864807664
rs34738102	8	10979680	0.0379332	0.0075098	A	G	0.477817	2e-07	35648	25.514215505341472
rs10092831	8	10979904	0.0398772	0.0075149	A	C	0.474379	4.6e-08	35648	28.158071103555375
rs10092835	8	10979910	0.0367494	0.00752129	A	G	0.469355	5e-07	35648	23.873485895911863
rs11250101	8	10980058	0.0381571	0.00752108	T	C	0.46616	1.7e-07	35648	25.73891905235283
rs11250102	8	10980059	0.0379989	0.00752134	G	C	0.466143	1.9e-07	35648	25.52416873252594
rs11786713	8	10980903	0.0356226	0.00777105	C	G	0.630344	3.3e-06	35648	21.013181998914916
rs11779675	8	10980951	0.0356373	0.00777164	G	A	0.630576	3.3e-06	35648	21.02733512027645
rs10089518	8	10982293	0.0363763	0.00751705	C	T	0.467031	7.4e-07	35648	23.417588371776613
rs11783418	8	10984348	0.0365647	0.00748578	G	A	0.483559	5.5e-07	35648	23.85887216102366
rs9969436	8	10985149	0.0373509	0.0074879	T	G	0.469267	3e-07	35648	24.881815776476135
rs4841470	8	10991215	0.0355587	0.00786625	T	C	0.393208	3.1e-06	35648	20.434135114287212
rs7825690	8	11000747	0.0339874	0.00753232	G	T	0.566101	3.6e-06	35648	20.36002754982053
rs4840542	8	11087299	0.0321448	0.00746333	G	T	0.492392	8.5e-06	35648	18.550523337223453
rs10108618	8	11095582	0.0324731	0.00748047	T	C	0.494547	8.1e-06	35648	18.84472172566779
rs7835318	8	11096364	0.0328905	0.00748327	G	A	0.496302	6.2e-06	35648	19.317820272473593
rs7844895	8	11097715	0.0328881	0.00747932	C	G	0.495803	6.1e-06	35648	19.335407931080187
rs2409718	8	11155467	0.0323481	0.00746729	C	T	0.477891	9.2e-06	35648	18.76599162379012
rs34208825	8	11157106	0.0325279	0.00745449	T	G	0.494473	7.9e-06	35648	19.04040489033764
rs10106207	8	11157828	0.0326518	0.00746737	C	T	0.478441	7.3e-06	35648	19.119604922718977
rs7011756	8	11162068	0.0352837	0.00746757	C	G	0.483901	1.3e-06	35648	22.3249059013831
rs11776603	8	11162803	0.0345647	0.00772464	G	T	0.621397	5.4e-06	35648	20.02207511487191
rs17782536	8	11164172	0.0348018	0.00769948	A	G	0.613198	4.6e-06	35648	20.430576585813313
rs17782554	8	11164596	0.0349078	0.00770218	G	C	0.611603	4.4e-06	35648	20.540813072109685
rs17726209	8	11164675	0.034523	0.00770105	T	C	0.612993	5.5e-06	35648	20.09634928109124
rs3021498	8	11166145	0.0355262	0.00770994	C	T	0.614269	3e-06	35648	21.232225408720332
rs3021500	8	11166488	0.0356844	0.00746958	G	C	0.478727	9.7e-07	35648	22.82256390771668
rs3021501	8	11166766	0.035169	0.00770851	T	C	0.615948	3.6e-06	35648	20.81513151156986
rs4841503	8	11166817	0.0354865	0.00747033	A	C	0.478848	1.1e-06	35648	22.56559351020293
rs4841504	8	11167154	0.0355765	0.00745634	C	A	0.499557	1e-06	35648	22.765386823115804
rs4840550	8	11171520	0.0343081	0.0074947	T	G	0.510189	2.5e-06	35648	20.954863086280096
rs4840551	8	11171530	0.0324436	0.00751299	T	G	0.463342	8.3e-06	35648	18.648008353166073
rs4841506	8	11173383	0.0349414	0.00770709	A	G	0.614164	4.4e-06	35648	20.554160468485307
rs7000132	8	11173426	0.0338742	0.00749517	T	C	0.534678	3.8e-06	35648	20.42561395313421
rs11777887	8	11179290	0.0342252	0.00776641	G	C	0.636176	8.5e-06	35648	19.42009551790086
rs11775489	8	11179334	0.0341496	0.00776628	T	C	0.636141	8.9e-06	35648	19.335043508877824
rs11777918	8	11179410	0.0341627	0.00776599	G	A	0.636155	8.8e-06	35648	19.35132560659591
rs2409721	8	11180735	0.0327108	0.00749413	A	T	0.555462	7.4e-06	35648	19.051969886518876
rs10100660	8	11181376	0.0343222	0.00776519	T	A	0.636197	8e-06	35648	19.53646853257508
rs2409725	8	11184152	0.0348127	0.00776787	T	C	0.636125	5.9e-06	35648	20.084985269812424
rs2409726	8	11185629	0.0353053	0.00777085	T	C	0.63619	4.2e-06	35648	20.641571610061252
rs2409727	8	11185727	0.0337021	0.00749626	C	T	0.555976	3.8e-06	35648	20.212714577251862
rs35223712	8	11186417	0.0338094	0.00749608	C	T	0.556384	3.5e-06	35648	20.34260196912402
rs11777355	8	11187180	0.0353401	0.00777112	A	G	0.636173	4.1e-06	35648	20.6808468048657
rs7819412	8	11187652	0.0330882	0.00744967	G	A	0.483818	5.3e-06	35648	19.72750735994528
rs10156356	8	11188700	0.0338921	0.00758029	T	C	0.584368	6.5e-06	35648	19.99057640504253
rs4841507	8	11188885	0.0343695	0.00757851	C	G	0.584404	4.6e-06	35648	20.567370538026076
rs2409729	8	11193747	0.0348053	0.00780364	C	G	0.631945	6.2e-06	35648	19.89281805945808
rs1987190	8	11196005	0.0368946	0.00779653	T	A	0.634888	1.8e-06	35648	22.393547781887893
rs28633434	8	11196413	0.0341623	0.00745985	G	A	0.508651	2.8e-06	35648	20.97171825290893
rs17783634	8	11196588	0.0344973	0.00746085	C	A	0.508754	2.3e-06	35648	21.37930552743772
rs11989369	8	11197876	0.0344527	0.0078023	C	T	0.638406	7.7e-06	35648	19.498501444955338
rs11989439	8	11198088	0.0347105	0.00745157	C	A	0.506673	1.9e-06	35648	21.698322920548144
rs11783045	8	11198666	0.0349816	0.00778449	A	G	0.635688	5.1e-06	35648	20.19384455258548
rs11783890	8	11198879	0.0346449	0.00778507	T	C	0.635949	6.6e-06	35648	19.80403022132499
rs11250121	8	11202802	0.0331589	0.00746488	A	C	0.492878	6e-06	35648	19.73124860747117
rs2409730	8	11203129	0.0342743	0.0078051	C	A	0.637854	9.2e-06	35648	19.28325055093394
rs6981523	8	11204283	0.0330676	0.00746477	C	T	0.49281	6.4e-06	35648	19.623320137708006
rs7010590	8	11205373	0.0334277	0.00746883	T	C	0.491381	5.2e-06	35648	20.031240391194856
rs4841508	8	11207494	0.0340306	0.00752457	C	A	0.559403	3.8e-06	35648	20.453886379245787
rs2409742	8	11212451	0.0344995	0.00745151	C	T	0.511113	2.4e-06	35648	21.435668128054058
rs2409743	8	11212851	0.0336559	0.00744213	C	G	0.502783	3.8e-06	35648	20.451629341217387
rs7000141	8	11213212	0.0359502	0.0078725	G	A	0.657777	3.9e-06	35648	20.85341965198165
rs6601568	8	11215893	0.033455	0.00744505	G	A	0.502366	4.6e-06	35648	20.192348396792735
rs35499486	8	11216527	0.0334404	0.00744732	G	A	0.502159	4.6e-06	35648	20.16243112553596
rs2409745	8	11219126	0.0326206	0.00745986	T	G	0.481463	7.7e-06	35648	19.121525437319892
rs28464654	8	11223156	0.0328821	0.00748984	T	A	0.494606	6.7e-06	35648	19.27409569803177
rs28591576	8	11223166	0.0326605	0.00748937	C	T	0.494827	7.6e-06	35648	19.01757268066085
rs4546618	8	11406113	0.0341427	0.00761264	G	T	0.414673	5.7e-06	35648	20.11523631171474
rs7003840	8	11408622	-0.0338008	0.00763025	C	T	0.590072	7.4e-06	35648	19.62349791502099
rs6985489	8	11408666	-0.0333269	0.00763103	A	T	0.589808	9.9e-06	35648	19.073197897265825
rs7350091	8	11410268	0.0335159	0.00759112	A	G	0.420251	7.6e-06	35648	19.493510591178556
rs4642601	8	11535223	-0.0476087	0.0110484	A	G	0.856857	7.9e-06	35648	18.568373668416932
rs2409797	8	11576271	0.0331371	0.00748437	T	C	0.46174	5.3e-06	35648	19.602817565880148
rs10108511	8	11578007	0.0331264	0.00748619	T	C	0.461444	5.4e-06	35648	19.580635935136755
rs10097870	8	11587007	-0.0327717	0.00749129	G	A	0.545191	7.2e-06	35648	19.13747876699208
rs13270267	8	11587328	-0.0338456	0.00749285	C	T	0.546069	3.6e-06	35648	20.4037671162958
rs11780420	8	11588912	0.0349118	0.0075827	G	A	0.413936	2.9e-06	35648	21.19809010800576
rs11250150	8	11589128	0.0341394	0.00759758	G	A	0.412443	4.8e-06	35648	20.191156953425956
rs13255662	8	11589143	0.0366822	0.00761127	A	G	0.407831	8.7e-07	35648	23.227180363287925
rs11250151	8	11589171	0.0348178	0.00758453	T	C	0.41261	2.9e-06	35648	21.0739189579327
rs11774572	8	11589291	0.0348424	0.0075848	C	T	0.412668	2.9e-06	35648	21.10220595516304
rs11778830	8	11589359	0.0346359	0.0075854	T	C	0.412461	3.3e-06	35648	20.849516086166776
rs17153498	8	11589446	0.035015	0.00758569	G	A	0.412735	2.6e-06	35648	21.306792676015192
rs56051089	8	11589610	0.0343121	0.0075853	C	T	0.413508	4.3e-06	35648	20.462046823207743
rs7823651	8	11590170	0.0357363	0.0075801	G	C	0.413942	1.7e-06	35648	22.22640893323969
rs1478891	8	11590819	-0.0379549	0.00784006	G	C	0.652573	9.7e-07	35648	23.436725333429337
rs1478892	8	11591020	-0.0366931	0.00782241	G	T	0.648533	2.1e-06	35648	22.003291823966595
rs13274269	8	11591816	-0.0369673	0.00791978	G	T	0.660145	2.2e-06	35648	21.78759172589416
rs11995206	8	11592624	-0.0367157	0.00758934	G	A	0.589051	9.5e-07	35648	23.404297299665735
rs34163377	8	11592704	-0.0368563	0.00784584	C	G	0.653205	1.9e-06	35648	22.067064983640908
rs2244648	8	11592913	-0.0328745	0.00749098	A	G	0.537681	8.8e-06	35648	19.259323908061575
rs35005793	8	11592963	-0.035157	0.00785552	G	A	0.655379	5.8e-06	35648	20.029667533464213
rs10903340	8	11593078	-0.0372935	0.00758332	T	G	0.587238	6.6e-07	35648	24.185079670679972
rs12677146	8	11593228	-0.0367239	0.00784562	C	G	0.653284	2.1e-06	35648	21.91003409929837
rs4500049	8	11663570	-0.03455	0.00744716	A	T	0.476487	4.2e-06	35648	21.523591165859145
rs60668163	8	11681369	-0.0375966	0.00757365	C	G	0.554473	5.8e-07	35648	24.642608713368944
rs34421088	8	11731533	0.0337217	0.00745798	A	G	0.50701	6.7e-06	35648	20.444499924256977
rs35928010	8	11734367	0.0358254	0.00755551	C	T	0.425385	2.5e-06	35648	22.48301378612226
rs35726503	8	11734407	0.0351015	0.007561	A	T	0.421392	4e-06	35648	21.55226285804085
rs7838131	8	11738654	0.0385426	0.00756962	G	A	0.421113	3.2e-07	35648	25.925901064486705
rs2409814	8	11748643	-0.034043	0.00753648	C	G	0.447333	8.4e-06	35648	20.40415188337723
rs804281	8	11754356	-0.0352364	0.00755932	A	G	0.417262	3.5e-06	35648	21.727892423430255
rs804280	8	11755189	-0.0349989	0.00754591	C	A	0.419513	4e-06	35648	21.512235700465677
rs2645457	8	11756603	0.0339903	0.00760365	T	G	0.417364	6e-06	35648	19.983233346214092
rs745379	8	11758186	0.0336033	0.00748398	A	G	0.484478	6.1e-06	35648	20.1603757371153
rs804270	8	11770112	-0.0368173	0.00757745	G	C	0.575527	1.9e-06	35648	23.607919408943385
rs2740435	8	11770962	-0.0371074	0.00758022	C	T	0.572917	1.6e-06	35648	23.963896262441303
rs809202	8	11771150	-0.0346719	0.00759996	T	C	0.584206	8.4e-06	35648	20.812903459522204
rs804266	8	11772343	-0.0367174	0.00756732	A	T	0.574543	2.2e-06	35648	23.54288290963308
rs804265	8	11772572	-0.0365275	0.00756665	A	T	0.57447	2.4e-06	35648	23.3041145889341
rs804263	8	11773406	-0.0377396	0.00757848	C	T	0.57874	1.2e-06	35648	24.79878297597419
rs804261	8	11774053	-0.0368502	0.00758619	A	G	0.583955	2.1e-06	35648	23.595667481278593
rs1090107	8	11775019	-0.0377802	0.00754867	A	G	0.573115	8.8e-07	35648	25.04884037704308
rs4840581	8	11778060	0.0406525	0.0075273	T	C	0.439635	1.4e-07	35648	29.167289124702627
rs4639	8	11787242	-0.0342648	0.00756006	A	G	0.560604	9.5e-06	35648	20.542151030322383
rs7001819	8	11792966	0.0347257	0.00768966	T	C	0.609878	6.9e-06	35648	20.393311003506025
rs2686187	8	11797287	-0.0403332	0.00758809	G	A	0.580163	1.7e-07	35648	28.252729618981427
rs11250167	8	11799892	0.0374871	0.00761377	A	G	0.408565	1.1e-06	35648	24.24176198250042
rs6601616	8	11846143	-0.0430855	0.00943495	A	G	0.803218	5.9e-06	35648	20.853697453122212
rs7836608	8	11971799	-0.0363245	0.00822218	T	C	0.712947	9.4e-06	35648	19.517551312000993
rs11774568	8	11978809	-0.0386235	0.00828188	C	A	0.721283	2.9e-06	35648	21.749305097748906
rs4841662	8	11986249	-0.0355336	0.00748368	G	A	0.520763	2e-06	35648	22.54488376617796
rs7461560	8	11987164	-0.0518158	0.0117933	T	C	0.113436	7e-06	35648	19.304285095014837
rs6422373	8	11987801	-0.0358413	0.00746092	G	T	0.462756	1.1e-06	35648	23.077180162864803
rs6601642	8	11988574	-0.0515996	0.0117191	A	G	0.115034	7.2e-06	35648	19.386711599178938
rs6601643	8	11988973	-0.051731	0.0118036	A	C	0.113314	7.4e-06	35648	19.20758571952714
rs6601644	8	11989569	-0.035238	0.00747831	G	A	0.521336	2.3e-06	35648	22.20320016967546
rs4840602	8	11991217	-0.0347438	0.0074585	G	C	0.45687	2.3e-06	35648	21.699595817016835
rs58602899	8	11991324	-0.0365138	0.00747077	G	T	0.517752	1.1e-06	35648	23.888194836659036
rs3924736	8	11992242	-0.036268	0.00745107	T	C	0.460698	7.9e-07	35648	23.692447514684755
rs1132195	8	11993486	-0.0356422	0.00744141	G	C	0.460557	1.1e-06	35648	22.941327173538575
rs12542040	8	11994489	-0.0354699	0.00744438	T	C	0.46062	1.3e-06	35648	22.7019342110715
rs6601647	8	11995360	-0.0368234	0.00745088	G	A	0.51595	7.4e-07	35648	24.424890941405177
rs7459547	8	11997379	-0.0373108	0.00746011	T	G	0.513478	5.6e-07	35648	25.013741631589532
rs4131536	8	11997779	-0.0373021	0.00746165	T	C	0.51522	5.8e-07	35648	24.99175853449559
rs4132327	8	11998384	-0.0369369	0.00746097	G	A	0.5156	7.4e-07	35648	24.509265693213017
rs12676145	8	11999074	-0.0363199	0.00746897	G	A	0.516639	1.2e-06	35648	23.646553887552052
rs74632982	8	11999394	0.0682832	0.0157184	A	G	0.93622	9.8e-06	35648	18.871701483984577
rs9694287	8	12000549	0.0351668	0.00753473	C	G	0.577867	3.1e-06	35648	21.78363313300291
rs35401001	8	12007612	-0.0378162	0.00748887	G	A	0.516776	5e-07	35648	25.499002349241632
rs34199627	8	12007798	-0.0371615	0.00750039	A	G	0.516444	7.6e-07	35648	24.548150610402764
rs9774383	8	12010553	-0.038745	0.00750309	A	C	0.470794	2e-07	35648	26.665579036551836
rs35851103	8	12012051	-0.0385504	0.00749212	T	G	0.510441	2.6e-07	35648	26.475753426114547
rs13258934	8	12012687	0.0345858	0.00752371	C	A	0.525591	4.5e-06	35648	21.131559874953496
rs62495366	8	12013448	-0.0380184	0.00750968	T	C	0.511934	4e-07	35648	25.62977588497759
rs62495367	8	12013450	-0.0380901	0.00751228	C	T	0.511722	3.8e-07	35648	25.708734086317055
rs13267012	8	12013826	-0.0393962	0.00757923	G	A	0.49906	1.9e-07	35648	27.01832952961023
rs9693693	8	12014495	-0.0378153	0.00755058	A	G	0.517172	5.3e-07	35648	25.0827109560041
rs9693694	8	12014496	-0.0378153	0.00755058	A	G	0.517172	5.3e-07	35648	25.0827109560041
rs9694750	8	12014527	-0.037889	0.00753548	G	A	0.515828	4.7e-07	35648	25.281593452906034
rs9694751	8	12014529	-0.037889	0.00753548	G	C	0.515828	4.7e-07	35648	25.281593452906034
rs9694819	8	12014535	-0.0379436	0.00754932	C	A	0.518657	4.6e-07	35648	25.26163160760262
rs9694820	8	12014536	-0.0379432	0.00754933	C	A	0.518657	4.6e-07	35648	25.261032073361857
rs9694828	8	12014542	-0.0378695	0.00751284	C	A	0.512003	4.4e-07	35648	25.40802233315179
rs4440593	8	12014730	-0.0387349	0.00749577	C	A	0.512234	2.5e-07	35648	26.70375739749708
rs4072134	8	12014886	0.0338621	0.00753914	A	G	0.526354	8e-06	35648	20.1736350309854
rs4841669	8	12020670	-0.0397253	0.0074976	C	T	0.511703	1.2e-07	35648	28.073065399885134
rs4840609	8	12020829	-0.0394555	0.00749738	G	C	0.511772	1.5e-07	35648	27.69466116135839
rs73200503	8	12025404	0.0343531	0.00750066	C	T	0.529056	5.6e-06	35648	20.976494278742745
rs7005747	8	12029213	-0.03363	0.0074826	C	T	0.473585	9.1e-06	35648	20.199874694778217
rs9644761	8	12032839	-0.0345258	0.00749203	C	A	0.467936	4.8e-06	35648	21.23677106920021
rs13256773	8	12033061	-0.0353621	0.00750512	T	G	0.467832	3e-06	35648	22.200400776181393
rs9329259	8	12034511	-0.0365683	0.00753855	C	T	0.465057	1.5e-06	35648	23.53064885745921
rs9329260	8	12034543	-0.0358633	0.00751767	G	A	0.471352	2.3e-06	35648	22.757994219000057
rs9329261	8	12034550	-0.0358559	0.00751859	G	A	0.471409	2.3e-06	35648	22.74303661028289
rs13276731	8	12035074	-0.0359545	0.00753503	T	A	0.470002	2.2e-06	35648	22.76861092016088
rs13268072	8	12035075	-0.0360099	0.00753646	C	A	0.470359	2.1e-06	35648	22.830164131341444
rs11776542	8	12035183	-0.0353971	0.0077519	C	T	0.504852	5.6e-06	35648	20.85062330543858
rs13247997	8	12036160	-0.0341278	0.00747409	G	C	0.473478	6.5e-06	35648	20.849706207357077
rs7461216	8	12036530	-0.0348812	0.00747646	G	A	0.467516	3.7e-06	35648	21.76661052532937
rs7461575	8	12037079	-0.0349181	0.00747281	C	T	0.467325	3.7e-06	35648	21.834001123132296
rs4841682	8	12037344	-0.0344865	0.00747031	A	G	0.467581	4.9e-06	35648	21.311842220033625
rs77328347	8	12037412	-0.0344063	0.00747184	G	A	0.467436	5.2e-06	35648	21.20414750242479
rs4841683	8	12037437	-0.0353888	0.00747893	C	A	0.468716	2.9e-06	35648	22.389930007531415
rs4841685	8	12037500	-0.0348274	0.00747699	A	C	0.467469	4.2e-06	35648	21.69644142431209
rs4841686	8	12037655	-0.0347201	0.00750872	T	C	0.466902	5.4e-06	35648	21.38110346474513
rs4841687	8	12037679	-0.0349379	0.00750805	C	T	0.466975	4.6e-06	35648	21.6540573466372
rs4841688	8	12037843	-0.0345955	0.00749842	A	G	0.466259	5.1e-06	35648	21.286276477572585
rs9772994	8	12037945	-0.0346114	0.00754166	A	G	0.461828	5.7e-06	35648	21.06223404844226
rs9773329	8	12037964	-0.0343624	0.00753596	T	C	0.462213	6.5e-06	35648	20.79169083623843
rs9772997	8	12037975	-0.0344522	0.00753066	A	C	0.4653	5.6e-06	35648	20.92993304445666
rs6601662	8	12038826	-0.0359075	0.0078162	C	G	0.457363	5.3e-06	35648	21.104691647952883
rs55815436	8	92615900	0.0580628	0.0117908	T	C	0.883629	1.4e-06	35648	24.249869455524504
rs56399810	8	92617401	0.0578739	0.0117896	G	T	0.8836	1.5e-06	35648	24.09724304931208
rs72675579	8	92622845	0.0567334	0.0117746	C	A	0.883446	2.3e-06	35648	23.2158878873381
rs55895231	8	92633328	0.0577967	0.0117802	A	G	0.883305	1.3e-06	35648	24.071367153077503
rs72675593	8	92644120	0.059141	0.0117934	C	T	0.883643	7.5e-07	35648	25.14775783053255
rs193066171	8	101378995	-0.174929	0.0383026	C	T	0.989145	5.8e-06	35648	20.857733622680247
rs2417794	9	107464593	0.046408	0.0108425	A	G	0.858346	8.5e-06	35648	18.32005795773417
rs28602907	9	107466802	0.0480801	0.0108289	G	A	0.858145	4.1e-06	35648	19.713422874373983
rs4978436	9	107467867	0.0488438	0.0108177	G	A	0.857699	2.6e-06	35648	20.386798103644008
rs7029963	9	107469399	0.0476592	0.010822	C	T	0.858333	4.7e-06	35648	19.394493265650055
rs1819730	9	107469582	0.0466036	0.0104421	A	G	0.8462	3.8e-06	35648	19.91880298884177
rs12348409	9	107470006	0.0483442	0.0107177	T	C	0.854378	2.5e-06	35648	20.34630557881719
rs61841112	10	30011966	0.035346	0.00776026	G	A	0.623451	7.6e-06	35648	20.74569563660057
rs7071535	10	30018732	0.0350147	0.00760979	C	T	0.59226	6.7e-06	35648	21.171687507514672
rs4572040	10	30022578	0.0363385	0.00768952	C	A	0.62087	3.3e-06	35648	22.332406835500414
rs61841113	10	30024041	0.035745	0.00765907	T	C	0.611934	4.3e-06	35648	21.7810356203377
rs55885169	10	30024734	0.035573	0.00760571	C	T	0.59223	4.7e-06	35648	21.875674899367073
rs2185724	10	30027279	0.0341437	0.00757049	T	C	0.583235	9.5e-06	35648	20.341041390116015
rs3739996	10	30027943	0.0356451	0.00769903	T	C	0.618837	4.8e-06	35648	21.435205480537753
rs2066332	10	30033936	0.0371897	0.00777385	A	G	0.628559	2.6e-06	35648	22.886165654703593
rs2066334	10	30034260	0.0360641	0.00767185	A	G	0.600208	4.1e-06	35648	22.097848478182517
rs11007869	10	30034481	0.0357351	0.00767224	C	T	0.600232	5.2e-06	35648	21.694300119391947
rs943440	10	30038387	0.0350862	0.00772852	G	A	0.612851	8.2e-06	35648	20.61009525501119
rs4749524	10	30043689	0.0354546	0.00777021	G	C	0.62514	7.1e-06	35648	20.81994928882547
rs7071112	10	30045875	0.0357742	0.00775261	G	A	0.625124	5.3e-06	35648	21.293349729436304
rs7071848	10	30046432	0.0356552	0.00776245	G	A	0.624895	5.7e-06	35648	21.09833200627483
rs7089816	10	30046493	0.0355485	0.0077659	T	A	0.624804	6.2e-06	35648	20.953615590495975
rs74832401	10	35772604	-0.168383	0.0356257	T	C	0.987981	3.4e-06	35648	22.3393057843198
rs7909942	10	90927368	-0.0345469	0.0076193	C	G	0.442485	7.3e-06	35648	20.55833877374867
rs7896199	10	90931315	-0.0403199	0.00760984	A	C	0.420035	2.4e-07	35648	28.07293637264039
rs9664170	10	90932290	-0.0419063	0.00763127	T	A	0.421278	9.2e-08	35648	30.15539325350602
rs77478144	10	90942356	-0.0350434	0.00758392	A	C	0.465698	6.2e-06	35648	21.351332585318065
rs72810837	10	90942357	-0.0350434	0.00758392	C	A	0.465698	6.2e-06	35648	21.351332585318065
rs12777649	10	90955791	-0.0345553	0.00756302	T	C	0.445665	8.9e-06	35648	20.87559380304586
rs10881868	10	90956315	-0.0371584	0.00760992	A	T	0.405697	1.6e-06	35648	23.842611840558092
rs4406743	10	90956775	-0.0352385	0.00760295	C	T	0.445679	5.4e-06	35648	21.481794522823403
rs4630204	10	90956776	-0.0350915	0.00760228	T	G	0.445636	5.9e-06	35648	21.306697655389847
rs6583742	10	90970760	-0.0378563	0.00764379	G	T	0.403222	1e-06	35648	24.527813489513044
rs1334579	10	90973193	-0.0352914	0.00760642	C	T	0.404885	5.1e-06	35648	21.526685709992854
rs4933202	10	90975716	-0.0353327	0.00760559	A	G	0.404806	4.9e-06	35648	21.58180837613211
rs2118824	10	90978349	-0.0343324	0.0074642	A	G	0.484776	5.3e-06	35648	21.15640110692451
rs7099639	10	90982965	-0.0386118	0.00772004	C	T	0.380066	8.4e-07	35648	25.015028086637052
rs2901176	10	90983493	-0.0354696	0.00760614	G	A	0.404908	4.6e-06	35648	21.746228744798824
rs747334	10	90984987	-0.0343507	0.0074641	A	G	0.484811	5.3e-06	35648	21.179528357736856
rs4933636	10	90999667	-0.0365958	0.00768867	A	G	0.386	3.8e-06	35648	22.654790396482305
rs7897249	10	91012611	-0.0351456	0.00767449	C	T	0.38503	7.9e-06	35648	20.97214611254845
rs174544	11	61800281	0.0407855	0.00803384	C	A	0.688401	4.6e-07	35648	25.77301492491274
rs174548	11	61803876	0.0412966	0.00799898	C	G	0.683016	3e-07	35648	26.653814595055675
rs174549	11	61803910	0.0406577	0.00802528	G	A	0.687349	4.7e-07	35648	25.666415852406903
rs174555	11	61812288	0.0404458	0.00802841	T	C	0.687524	5.6e-07	35648	25.379775347316706
rs174556	11	61813163	0.0406184	0.0080351	C	T	0.688287	5.1e-07	35648	25.554244868076072
rs174557	11	61813896	0.0404602	0.00803004	A	G	0.687523	5.6e-07	35648	25.387540729785336
rs174559	11	61814184	0.0405039	0.00825424	G	A	0.715668	1.5e-06	35648	24.079058386066205
rs174560	11	61814292	0.0410978	0.00800489	T	C	0.683214	3.6e-07	35648	26.358847161604476
rs174561	11	61815236	0.0405098	0.00803061	T	C	0.687443	5.5e-07	35648	25.44621120702028
rs28456	11	61822009	0.0413136	0.00800876	A	G	0.682788	3.3e-07	35648	26.61065240439687
rs560112110	12	110070227	0.136418	0.0309597	G	A	0.983855	8.2e-06	35648	19.415557652171376
rs7953794	12	110643392	0.0528544	0.0117929	A	G	0.886579	9.2e-06	35648	20.08727672255107
rs4766733	12	114546217	-0.0383729	0.00870236	G	A	0.755349	3.1e-06	35648	19.443531733785044
rs2524393	12	120276946	0.0631015	0.0136078	A	G	0.0844374	2.7e-06	35648	21.503221618163323
rs4769938	13	20072333	-0.0352756	0.0082098	C	T	0.704241	9.7e-06	35648	18.462209042417403
rs11571592	13	32320728	-0.0904533	0.0199489	T	C	0.961949	4.7e-06	35648	20.559423142052633
rs144236901	13	59772205	-0.201685	0.0439847	C	T	0.991547	6.3e-06	35648	21.025383718908607
rs17195910	13	94040835	0.0416358	0.00954526	T	C	0.812836	6.1e-06	35648	19.026473582633507
rs17791623	13	94044872	0.0416499	0.0095419	A	G	0.812831	6.1e-06	35648	19.052773493541473
rs17791629	13	94048906	0.042256	0.00965331	T	C	0.818407	5.7e-06	35648	19.161268723856615
rs17791641	13	94050443	0.0420387	0.00964247	T	C	0.818035	6.1e-06	35648	19.00736708750989
rs77154143	13	94052123	0.0419274	0.00965282	T	C	0.817731	7.1e-06	35648	18.866330927545196
rs78766745	13	94054795	0.042121	0.0095479	A	G	0.812467	5e-06	35648	19.461738060769743
rs17195938	13	94059389	0.0417052	0.00955141	T	C	0.811124	6e-06	35648	19.065378903175667
rs61962286	13	94059575	0.041608	0.00955288	G	A	0.811125	6.3e-06	35648	18.97077341459748
rs55790027	13	94060219	0.0418237	0.0095663	A	G	0.81184	6.2e-06	35648	19.11423446302101
rs17791647	13	94060787	0.0426639	0.00957928	A	G	0.812508	4e-06	35648	19.836058020521527
rs17791660	13	94061374	0.0415912	0.00955869	T	G	0.810997	6.5e-06	35648	18.932420750239498
rs7990550	13	94068941	0.0422026	0.00959081	A	C	0.811112	4.9e-06	35648	19.36278576690134
rs56151603	13	94069163	0.0420326	0.00959855	T	C	0.811229	5.4e-06	35648	19.17614242889953
rs8000456	13	94069280	0.0416723	0.00964615	T	A	0.811325	8.4e-06	35648	18.66323479627093
rs8020273	14	41845536	-0.0348617	0.00756009	G	A	0.434936	1.1e-06	35648	21.263913223045417
rs12434813	14	41846455	-0.0342817	0.00758321	C	T	0.420227	1.4e-06	35648	20.437065377046803
rs4143894	14	41846621	-0.0342027	0.00758271	A	T	0.420022	1.4e-06	35648	20.345664968708338
rs1951875	14	41847599	-0.0342626	0.00758326	C	G	0.420044	1.4e-06	35648	20.41402955640685
rs1957862	14	41847950	-0.0342352	0.00758331	T	C	0.420058	1.4e-06	35648	20.38112341048317
rs1951874	14	41848264	-0.0345211	0.00758331	C	G	0.4201	1.1e-06	35648	20.722952511807183
rs17112316	14	41848612	-0.0345614	0.00758262	G	A	0.420137	1.1e-06	35648	20.775145244082715
rs17112319	14	41850378	-0.0342646	0.00758324	A	G	0.420064	1.4e-06	35648	20.416520561886347
rs11621805	14	41850662	-0.0342682	0.00758322	C	T	0.420067	1.3e-06	35648	20.42091861448677
rs11625524	14	50341536	-0.0347348	0.00747135	T	C	0.497081	2.4e-06	35648	21.61381559440973
rs1465160	14	50344307	-0.034118	0.00745781	C	T	0.497065	3.4e-06	35648	20.92880830468372
rs12432093	14	50347258	-0.0342789	0.00745628	G	A	0.497232	3.1e-06	35648	21.13534480755794
rs11621764	14	50347812	-0.0347388	0.00745818	C	T	0.497695	2.5e-06	35648	21.695212249931693
rs9635166	14	50367861	-0.0332341	0.00746569	T	G	0.510884	7.1e-06	35648	19.81654506963282
rs7151046	14	50378513	-0.0335112	0.00747644	C	A	0.510806	6.6e-06	35648	20.090477305353748
rs7151072	14	50378595	-0.0336468	0.00747731	A	T	0.510802	6e-06	35648	20.248682034094493
rs144403225	16	4272040	-0.0391282	0.00867231	C	G	0.7545	9.2e-06	35648	20.356830093852345
rs72766530	16	4284961	-0.0395528	0.0086635	C	A	0.755034	7.1e-06	35648	20.84335891827291
rs72766532	16	4287508	-0.0394212	0.00865591	G	T	0.75492	7.7e-06	35648	20.741216089172713
rs2387280	16	4289683	-0.0410004	0.00873369	A	T	0.755982	4e-06	35648	22.038429470229975
rs112744140	16	4292212	-0.0396503	0.00865167	C	T	0.753226	6.9e-06	35648	21.003567342030436
rs4786480	16	4293619	-0.0392139	0.00865227	T	G	0.753182	8.7e-06	35648	20.54092264748425
rs4785957	16	4293793	-0.0391828	0.00865263	A	G	0.753195	8.9e-06	35648	20.506647626545607
rs4785958	16	4293838	-0.0392426	0.00865306	C	G	0.753142	8.6e-06	35648	20.567244790962647
rs72766545	16	4295745	-0.0391098	0.00864066	T	C	0.751386	8.9e-06	35648	20.486952341631003
rs55871548	16	4297187	-0.0399099	0.00866554	G	A	0.754743	6.1e-06	35648	21.21143334509887
rs72766550	16	4297937	-0.0398495	0.00865616	T	A	0.752741	6.3e-06	35648	21.19313490011354
rs72766551	16	4298579	-0.0400033	0.00866911	C	T	0.754742	6e-06	35648	21.293282258106306
rs113679768	16	4299740	-0.0399966	0.00865271	A	G	0.75135	5.7e-06	35648	21.36691649561516
rs72766557	16	4302549	-0.0418047	0.00871726	G	A	0.753598	2.3e-06	35648	22.998008151782415
rs4786481	16	4303431	-0.0420609	0.00874465	C	T	0.754216	2.2e-06	35648	23.13514677212476
rs59945160	16	4306205	-0.0418137	0.0089631	C	G	0.769193	3.7e-06	35648	21.76309783232831
rs3848370	16	4310313	-0.0397526	0.00881529	G	C	0.766939	7.3e-06	35648	20.335641144574733
rs8061073	16	53474595	-0.0335813	0.00746874	C	T	0.537338	9.8e-06	35648	20.216237303201066
rs56126229	16	53476775	-0.0336491	0.00746984	G	A	0.537985	9.5e-06	35648	20.291974434573884
rs3803657	16	53482047	-0.0335899	0.00747059	T	C	0.537923	9.7e-06	35648	20.21657668488793
rs4783813	16	53484458	-0.0335633	0.00746953	C	G	0.537334	9.9e-06	35648	20.190299344166448
rs8046307	16	53484774	-0.0336273	0.00747119	G	T	0.537939	9.6e-06	35648	20.25836700122325
rs13337544	16	53485123	-0.0335747	0.00746968	T	C	0.53729	9.9e-06	35648	20.20320578175967
rs4795552	17	27286355	0.0350785	0.00766163	G	A	0.608456	3.7e-06	35648	20.96233602187222
rs62058562	17	27292315	0.035393	0.00764289	T	C	0.607115	3.6e-06	35648	21.444678223891863
rs1875043	17	27293555	0.0356917	0.00764054	A	G	0.606832	2.9e-06	35648	21.82158843364253
rs12306	17	27295085	0.0341683	0.00774471	G	T	0.633967	9.1e-06	35648	19.46419391103911
rs17776707	17	27296850	0.0344077	0.00773719	T	G	0.633252	7.6e-06	35648	19.77628728073943
rs11654484	17	27297487	0.0347351	0.00775015	A	T	0.634613	6.4e-06	35648	20.087083772541423
rs9904518	17	27298668	0.0346049	0.00773757	T	C	0.633637	6.9e-06	35648	20.001658826280437
rs9908804	17	27301032	0.0345634	0.00773666	C	T	0.633584	7.1e-06	35648	19.95840778902148
rs3762810	17	27302247	0.0345657	0.00773616	C	T	0.633591	7e-06	35648	19.96364442946528
rs33949241	17	27309423	0.0346746	0.00773777	C	T	0.633589	6.3e-06	35648	20.08127514619821
rs11080131	17	27309928	0.0343612	0.00773637	T	G	0.633716	8e-06	35648	19.72705159065656
rs1060618	17	27313055	0.0376729	0.00781684	A	G	0.629902	1.4e-06	35648	23.227135865030448
rs1047616	17	27315496	0.0369371	0.00769837	G	A	0.622131	1.5e-06	35648	23.02120380338735
rs9898440	17	27322477	0.0345292	0.00774955	T	C	0.634217	7.5e-06	35648	19.85272210375022
rs4795566	17	27323130	0.034672	0.00774576	A	G	0.633499	6.8e-06	35648	20.036862374702498
rs4795567	17	27323713	0.0348535	0.0079401	T	C	0.664968	9.8e-06	35648	19.26818684492333
rs322164	17	27328364	-0.0382146	0.00788958	A	G	0.345214	1.3e-06	35648	23.461234893309896
rs191219	17	27329659	-0.0381699	0.00789409	A	G	0.34567	1.3e-06	35648	23.379644188727852
rs322166	17	27330693	-0.0380916	0.00789143	T	G	0.343821	1.4e-06	35648	23.29952210252755
rs322168	17	27331261	-0.0380975	0.00788757	G	A	0.344229	1.4e-06	35648	23.329557552395265
rs322170	17	27332214	-0.0367659	0.00795792	G	C	0.330693	3.9e-06	35648	21.344759480372367
rs904539	17	27333163	-0.0379686	0.00795754	T	C	0.337519	2e-06	35648	22.766250337791156
rs322177	17	27339304	-0.0359884	0.00783696	C	T	0.356359	4.5e-06	35648	21.087729277590416
rs322182	17	27342120	-0.0358426	0.00794894	A	G	0.332635	6.4e-06	35648	20.33202211646202
rs178672	17	27355770	-0.0364596	0.00799134	C	G	0.36558	7.9e-06	35648	20.815391433347425
rs7215750	17	33300781	0.0364226	0.00814815	T	C	0.694569	9.5e-06	35648	19.981305410646097
rs1391078	17	33302625	0.0364603	0.00814228	T	C	0.693604	9.1e-06	35648	20.051571238161195
rs4795765	17	33305339	0.0363273	0.00814885	A	G	0.694536	9.8e-06	35648	19.873464972083926
rs11657231	17	33305600	-0.0375733	0.00771615	C	T	0.623043	1.8e-06	35648	23.71140873594834
rs11651260	17	33313243	-0.0377623	0.00771727	C	T	0.623151	1.6e-06	35648	23.943602083291857
rs11657151	17	33313261	-0.0375403	0.00771945	T	C	0.623979	1.8e-06	35648	23.64954342497077
rs11651326	17	33313412	-0.0376169	0.00772129	C	A	0.62417	1.7e-06	35648	23.734838269117073
rs8080646	17	33315749	0.0364315	0.00815176	G	A	0.694575	9.5e-06	35648	19.97336948107671
rs320644	17	33318855	-0.0382248	0.00776584	C	T	0.63368	1.6e-06	35648	24.227776938375538
rs178610	17	33319264	-0.0384448	0.00776629	C	T	0.633909	1.4e-06	35648	24.50462185055436
rs117941643	17	73190467	-0.128913	0.02813	T	C	0.98185	6.7e-06	35648	21.001676575505353
rs118155273	17	73238017	-0.129895	0.0278563	G	C	0.981693	4.6e-06	35648	21.743928264221697
rs41301932	17	80433174	-0.0707488	0.0149624	G	A	0.931622	2.4e-06	35648	22.358138098550427
rs41302844	17	80434257	-0.0641299	0.0135339	C	T	0.917135	1.6e-06	35648	22.453042529065257
rs4494603	17	80434413	-0.0641261	0.0135283	C	G	0.917113	1.6e-06	35648	22.468972095783545
rs41302934	17	80434925	-0.0644119	0.0135253	G	A	0.917134	1.4e-06	35648	22.679757487978
rs41303566	17	80437033	-0.0639207	0.0134983	G	A	0.917059	1.7e-06	35648	22.42460967499018
rs4564632	17	80439174	-0.0642614	0.0133957	T	A	0.915685	1.3e-06	35648	23.012804076604144
rs4577139	17	80439207	-0.0634431	0.0134817	T	C	0.916679	2e-06	35648	22.14519320366628
rs72852674	17	80440530	-0.0647551	0.0135303	C	T	0.916966	1.4e-06	35648	22.90514812259787
rs11664887	18	22454576	-0.0382297	0.00855246	T	C	0.744562	9.8e-06	35648	19.981113035413955
rs3813127	18	22457634	-0.0397037	0.00848333	A	G	0.733802	3.8e-06	35648	21.90429293154328
rs7504265	18	57145309	-0.0349779	0.00814712	A	G	0.697446	9.9e-06	35648	18.432287565700147
rs62111724	19	45661414	-0.0347991	0.00784825	T	C	0.632776	7.9e-06	35648	19.660310237722932
rs11668847	19	45707107	0.0334623	0.00745659	T	G	0.483885	6e-06	35648	20.138682209997988
rs9676955	19	45708983	0.0337705	0.00745643	T	C	0.484122	4.9e-06	35648	20.5122400970498
rs62111731	19	45710158	0.0347849	0.00750131	A	G	0.482491	2.8e-06	35648	21.50340780701501
rs3760842	19	45713768	0.0424177	0.0084835	G	A	0.722538	5e-07	35648	25.0002357523092
rs62116436	19	58405871	-0.0634237	0.0141702	C	T	0.922087	7.5e-06	35648	20.033239748241943
rs62117595	19	58439016	-0.0626405	0.0141839	T	C	0.923728	9.4e-06	35648	19.503794384128433
rs28444973	19	58470677	-0.0628258	0.0141867	C	T	0.924395	7.9e-06	35648	19.61161165689872
rs2304521	19	58476812	-0.062299	0.014107	C	T	0.923147	9.1e-06	35648	19.502613698646027
rs6417664	20	8484355	0.0342131	0.00758134	T	G	0.403556	8.7e-06	35648	20.365398183614538
rs2876131	20	8484543	0.0341424	0.00758067	G	A	0.403534	9.1e-06	35648	20.284901783782303
rs133873	22	25760538	-0.0386366	0.0090275	T	A	0.782539	5.5e-06	35648	18.317356979677083
rs133874	22	25760545	-0.0387783	0.00900776	A	G	0.781171	5.1e-06	35648	18.532922916159652
rs133875	22	25760549	-0.0379505	0.00901886	A	C	0.782048	7.9e-06	35648	17.706458807822283
rs2331158	22	25762943	-0.0395152	0.00918068	C	G	0.791835	4e-06	35648	18.52587241684925
